quest_name,status,local_exact_articles,alias_guides,local_mentions,reference_count,zones,expansions,source_urls
20 in Pirate Years,absent_walkthrough,,,,1,Eastern Altepa Desert,Rise of the Zilart,https://horizonffxi.wiki/Eastern_Altepa_Desert
A Bitter Past,absent_walkthrough,,,,2,Lufaise Meadows; Tavnazian Safehold,Chains of Promathia,https://horizonffxi.wiki/Tavnazian_Safehold; https://horizonffxi.wiki/Lufaise_Meadows
A Boy's Dream,absent_walkthrough,,,,3,Castle Oztroja; Crawlers' Nest; Northern San d'Oria,Final Fantasy XI,https://horizonffxi.wiki/Northern_San_d%27Oria; https://horizonffxi.wiki/Castle_Oztroja; https://horizonffxi.wiki/Crawlers%27_Nest
A Candlelight Vigil,absent_walkthrough,,,,1,Upper Jeuno,Final Fantasy XI,https://horizonffxi.wiki/Upper_Jeuno
A Chocobo Riding Game (Bastok),absent_walkthrough,,,,1,Bastok Mines,Final Fantasy XI,https://horizonffxi.wiki/Bastok_Mines
A Chocobo Riding Game (Kazham),absent_walkthrough,,,,1,Kazham,Rise of the Zilart,https://horizonffxi.wiki/Kazham
A Chocobo Riding Game (San d'Oria),absent_walkthrough,,,,1,Southern San d'Oria,Final Fantasy XI,https://horizonffxi.wiki/Southern_San_d%27Oria
A Chocobo's Tale,absent_walkthrough,,,,5,Batallia Downs; Beadeaux; Castle Zvahl Baileys; Pashhow Marshlands; Upper Jeuno,Final Fantasy XI,https://horizonffxi.wiki/Upper_Jeuno; https://horizonffxi.wiki/Beadeaux; https://horizonffxi.wiki/Pashhow_Marshlands; https://horizonffxi.wiki/Batallia_Downs; https://horizonffxi.wiki/Castle_Zvahl_Baileys
A Clock Most Delicate,absent_walkthrough,,,,2,Lower Jeuno; Upper Jeuno,Final Fantasy XI,https://horizonffxi.wiki/Lower_Jeuno; https://horizonffxi.wiki/Upper_Jeuno
A Craftsman's Work,absent_walkthrough,,,,2,Eastern Altepa Desert; Northern San d'Oria,Final Fantasy XI; Rise of the Zilart,https://horizonffxi.wiki/Northern_San_d%27Oria; https://horizonffxi.wiki/Eastern_Altepa_Desert
A Crisis in the Making,absent_walkthrough,,,,1,Giddeus,Final Fantasy XI,https://horizonffxi.wiki/Giddeus
A Discerning Eye,absent_walkthrough,,,,3,Kazham; Port Bastok; Port San d'Oria,Final Fantasy XI; Rise of the Zilart,https://horizonffxi.wiki/Port_Bastok; https://horizonffxi.wiki/Port_San_d%27Oria; https://horizonffxi.wiki/Kazham
A Flash in the Pan,absent_walkthrough,,,,1,Bastok Markets,Final Fantasy XI,https://horizonffxi.wiki/Bastok_Markets
A Foreman's Best Friend,absent_walkthrough,,,,3,North Gustaberg; Port Bastok; South Gustaberg,Final Fantasy XI,https://horizonffxi.wiki/Port_Bastok; https://horizonffxi.wiki/North_Gustaberg; https://horizonffxi.wiki/South_Gustaberg
A Generous General?,absent_walkthrough,,,,2,North Gustaberg; Oldton Movalpolos,Chains of Promathia; Final Fantasy XI,https://horizonffxi.wiki/North_Gustaberg; https://horizonffxi.wiki/Oldton_Movalpolos
A Greeting Cardian,absent_walkthrough,,,,2,Buburimu Peninsula; Windurst Woods,Final Fantasy XI,https://horizonffxi.wiki/Windurst_Woods; https://horizonffxi.wiki/Buburimu_Peninsula
A Hard Day's Knight,absent_walkthrough,,,,2,Lufaise Meadows; Tavnazian Safehold,Chains of Promathia,https://horizonffxi.wiki/Tavnazian_Safehold; https://horizonffxi.wiki/Lufaise_Meadows
A Job for the Consortium,absent_walkthrough,,,,1,Port San d'Oria,Final Fantasy XI,https://horizonffxi.wiki/Port_San_d%27Oria
A Knight's Test,absent_walkthrough,,,,2,Davoi; Southern San d'Oria,Final Fantasy XI,https://horizonffxi.wiki/Southern_San_d%27Oria; https://horizonffxi.wiki/Davoi
A Lady's Heart,absent_walkthrough,,,,1,Port Bastok,Final Fantasy XI,https://horizonffxi.wiki/Port_Bastok
A Minstrel in Despair,absent_walkthrough,,,,2,Buburimu Peninsula; Lower Jeuno,Final Fantasy XI,https://horizonffxi.wiki/Lower_Jeuno; https://horizonffxi.wiki/Buburimu_Peninsula
A Moral Manifest?,absent_walkthrough,,,,1,Altar Room,Final Fantasy XI,https://horizonffxi.wiki/Altar_Room
A New Dawn,absent_walkthrough,,,,2,Lower Jeuno; The Eldieme Necropolis,Final Fantasy XI,https://horizonffxi.wiki/Lower_Jeuno; https://horizonffxi.wiki/The_Eldieme_Necropolis
A Potter's Preference,absent_walkthrough,,,,2,Gusgen Mines; Mhaura,Final Fantasy XI,https://horizonffxi.wiki/Mhaura; https://horizonffxi.wiki/Gusgen_Mines
A Purchase of Arms,absent_walkthrough,,,,2,Jugner Forest; Southern San d'Oria,Final Fantasy XI,https://horizonffxi.wiki/Southern_San_d%27Oria; https://horizonffxi.wiki/Jugner_Forest
A Question of Faith,absent_walkthrough,,,,3,Bastok Mines; Metalworks; Oldton Movalpolos,Chains of Promathia; Final Fantasy XI,https://horizonffxi.wiki/Bastok_Mines; https://horizonffxi.wiki/Metalworks; https://horizonffxi.wiki/Oldton_Movalpolos
A Question of Taste,absent_walkthrough,,,,2,Kazham; Temple of Uggalepih,Rise of the Zilart,https://horizonffxi.wiki/Kazham; https://horizonffxi.wiki/Temple_of_Uggalepih
A Reputation in Ruins,absent_walkthrough,,,,2,Pso'Xja; Upper Jeuno,Chains of Promathia; Final Fantasy XI,https://horizonffxi.wiki/Upper_Jeuno; https://horizonffxi.wiki/Pso%27Xja
A Sentry's Peril,absent_walkthrough,,,,2,Southern San d'Oria; West Ronfaure,Final Fantasy XI,https://horizonffxi.wiki/Southern_San_d%27Oria; https://horizonffxi.wiki/West_Ronfaure
A Squire's Test,absent_walkthrough,,,,1,Southern San d'Oria,Final Fantasy XI,https://horizonffxi.wiki/Southern_San_d%27Oria
A Squire's Test II,absent_walkthrough,,,,2,Ordelle's Caves; Southern San d'Oria,Final Fantasy XI,https://horizonffxi.wiki/Southern_San_d%27Oria; https://horizonffxi.wiki/Ordelle%27s_Caves
A Stygian Pact,absent_walkthrough,,,,3,Arrapago Reef; Caedarva Mire; Nashmau,Treasures of Aht Urhgan,https://horizonffxi.wiki/Nashmau; https://horizonffxi.wiki/Arrapago_Reef; https://horizonffxi.wiki/Caedarva_Mire
A Taste For Meat,absent_walkthrough,,,,1,Port San d'Oria,Final Fantasy XI,https://horizonffxi.wiki/Port_San_d%27Oria
A Taste of Honey,absent_walkthrough,,,,1,Aht Urhgan Whitegate,Treasures of Aht Urhgan,https://horizonffxi.wiki/Aht_Urhgan_Whitegate
A Test of True Love,absent_walkthrough,,,,5,Castle Zvahl Baileys; Castle Zvahl Keep; Labyrinth of Onzozo; Port Bastok; Sea Serpent Grotto,Final Fantasy XI; Rise of the Zilart,https://horizonffxi.wiki/Port_Bastok; https://horizonffxi.wiki/Sea_Serpent_Grotto; https://horizonffxi.wiki/Labyrinth_of_Onzozo; https://horizonffxi.wiki/Castle_Zvahl_Baileys; https://horizonffxi.wiki/Castle_Zvahl_Keep
A Thief in Norg!?,absent_walkthrough,,,,2,Norg; Waughroon Shrine,Final Fantasy XI; Rise of the Zilart,https://horizonffxi.wiki/Norg; https://horizonffxi.wiki/Waughroon_Shrine
A Timely Visit,absent_walkthrough,,,,3,Jugner Forest; La Theine Plateau; Southern San d'Oria,Final Fantasy XI,https://horizonffxi.wiki/Southern_San_d%27Oria; https://horizonffxi.wiki/Jugner_Forest; https://horizonffxi.wiki/La_Theine_Plateau
Acting in Good Faith,absent_walkthrough,,,,2,Northern San d'Oria; The Eldieme Necropolis,Final Fantasy XI,https://horizonffxi.wiki/Northern_San_d%27Oria; https://horizonffxi.wiki/The_Eldieme_Necropolis
Advanced Teamwork,absent_walkthrough,,,,2,Northern San d'Oria; West Ronfaure,Final Fantasy XI,https://horizonffxi.wiki/Northern_San_d%27Oria; https://horizonffxi.wiki/West_Ronfaure
Against All Odds,absent_walkthrough,,,,2,Aht Urhgan Whitegate; The Ashu Talif,Treasures of Aht Urhgan,https://horizonffxi.wiki/Aht_Urhgan_Whitegate; https://horizonffxi.wiki/The_Ashu_Talif
Against All Odds - Leleroon's Sidequests,absent_walkthrough,,,,1,Nashmau,Treasures of Aht Urhgan,https://horizonffxi.wiki/Nashmau
All by Myself,absent_walkthrough,,,,2,Bastok Markets; Dangruf Wadi,Final Fantasy XI,https://horizonffxi.wiki/Bastok_Markets; https://horizonffxi.wiki/Dangruf_Wadi
Altana's Sorrow,absent_walkthrough,,,,3,Bastok Mines; Garlaige Citadel; Northern San d'Oria,Final Fantasy XI,https://horizonffxi.wiki/Bastok_Mines; https://horizonffxi.wiki/Northern_San_d%27Oria; https://horizonffxi.wiki/Garlaige_Citadel
Amanomurakumo,absent_walkthrough,,,,1,Horlais Peak,Final Fantasy XI,https://horizonffxi.wiki/Horlais_Peak
An Affable Adamantking?,absent_walkthrough,,,,1,Qulun Dome,Final Fantasy XI,https://horizonffxi.wiki/Qulun_Dome
An Empty Vessel,absent_walkthrough,,,,2,Aht Urhgan Whitegate; Valkurm Dunes,Final Fantasy XI; Treasures of Aht Urhgan,https://horizonffxi.wiki/Valkurm_Dunes; https://horizonffxi.wiki/Aht_Urhgan_Whitegate
An Explorer's Footsteps,absent_walkthrough,,,,18,Batallia Downs; Buburimu Peninsula; East Ronfaure; East Sarutabaruta; Jugner Forest; Konschtat Highlands; La Theine Plateau; Meriphataud Mountains; North Gustaberg; Pashhow Marshlands; Rolanberry Fields; Sauromugue Champaign; Selbina; South Gustaberg; Tahrongi Canyon; Valkurm Dunes; West Ronfaure; West Sarutabaruta,Final Fantasy XI,https://horizonffxi.wiki/Selbina; https://horizonffxi.wiki/Meriphataud_Mountains; https://horizonffxi.wiki/Sauromugue_Champaign; https://horizonffxi.wiki/Pashhow_Marshlands; https://horizonffxi.wiki/Rolanberry_Fields; https://horizonffxi.wiki/North_Gustaberg; https://horizonffxi.wiki/South_Gustaberg; https://horizonffxi.wiki/Buburimu_Peninsula; https://horizonffxi.wiki/Tahrongi_Canyon; https://horizonffxi.wiki/Batallia_Downs; https://horizonffxi.wiki/Jugner_Forest; https://horizonffxi.wiki/East_Ronfaure; https://horizonffxi.wiki/West_Ronfaure; https://horizonffxi.wiki/East_Sarutabaruta; https://horizonffxi.wiki/West_Sarutabaruta; https://horizonffxi.wiki/Konschtat_Highlands; https://horizonffxi.wiki/La_Theine_Plateau; https://horizonffxi.wiki/Valkurm_Dunes
An Imperial Heist,absent_walkthrough,,,,4,Arrapago Reef; Halvung; Mamook; Nashmau,Treasures of Aht Urhgan,https://horizonffxi.wiki/Nashmau; https://horizonffxi.wiki/Arrapago_Reef; https://horizonffxi.wiki/Halvung; https://horizonffxi.wiki/Mamook
An Understanding Overlord?,absent_walkthrough,,,,1,Monastic Cavern,Final Fantasy XI,https://horizonffxi.wiki/Monastic_Cavern
An Undying Pledge,absent_walkthrough,,,,2,Norg; Sea Serpent Grotto,Rise of the Zilart,https://horizonffxi.wiki/Norg; https://horizonffxi.wiki/Sea_Serpent_Grotto
Apocalypse Nigh,absent_walkthrough,,,,6,Empyreal Paradox; Lower Jeuno; Norg; Ru'Lude Gardens; Sealion's Den; The Garden of Ru'Hmet,Chains of Promathia; Final Fantasy XI; Rise of the Zilart,https://horizonffxi.wiki/Lower_Jeuno; https://horizonffxi.wiki/Ru%27Lude_Gardens; https://horizonffxi.wiki/Norg; https://horizonffxi.wiki/The_Garden_of_Ru%27Hmet; https://horizonffxi.wiki/Empyreal_Paradox; https://horizonffxi.wiki/Sealion%27s_Den
Arts and Crafts,absent_walkthrough,,,,1,Aht Urhgan Whitegate,Treasures of Aht Urhgan,https://horizonffxi.wiki/Aht_Urhgan_Whitegate
As Thick as Thieves,absent_walkthrough,,,,4,Dangruf Wadi; North Gustaberg; Sauromugue Champaign; Windurst Woods,Final Fantasy XI,https://horizonffxi.wiki/Windurst_Woods; https://horizonffxi.wiki/Sauromugue_Champaign; https://horizonffxi.wiki/Dangruf_Wadi; https://horizonffxi.wiki/North_Gustaberg
Atop the Highest Mountains,summary_or_mention_only,,,limit-break,2,Ru'Lude Gardens; Xarcabard,Final Fantasy XI,https://horizonffxi.wiki/Ru%27Lude_Gardens; https://horizonffxi.wiki/Xarcabard
Axe the Competition,absent_walkthrough,,,,2,Temple of Uggalepih; Upper Jeuno,Final Fantasy XI; Rise of the Zilart,https://horizonffxi.wiki/Upper_Jeuno; https://horizonffxi.wiki/Temple_of_Uggalepih
Ayame and Kaede,absent_walkthrough,,,,3,Korroloka Tunnel; Norg; Port Bastok,Final Fantasy XI; Rise of the Zilart,https://horizonffxi.wiki/Port_Bastok; https://horizonffxi.wiki/Norg; https://horizonffxi.wiki/Korroloka_Tunnel
Bait and Switch,absent_walkthrough,,,,1,Metalworks,Final Fantasy XI,https://horizonffxi.wiki/Metalworks
Beadeaux Smog,absent_walkthrough,,,,2,Beadeaux; Metalworks,Final Fantasy XI,https://horizonffxi.wiki/Metalworks; https://horizonffxi.wiki/Beadeaux
"Beam Me Up... No, Not There!",absent_walkthrough,,,,1,Davoi,Final Fantasy XI,https://horizonffxi.wiki/Davoi
Beastmen Treasure (Elshimo Lowlands Region),absent_walkthrough,,,,1,Yuhtunga Jungle,Rise of the Zilart,https://horizonffxi.wiki/Yuhtunga_Jungle
Beastmen Treasure (Elshimo Uplands Region),absent_walkthrough,,,,1,Yhoator Jungle,Rise of the Zilart,https://horizonffxi.wiki/Yhoator_Jungle
Beastmen Treasure (Kuzotz Region),absent_walkthrough,,,,2,Eastern Altepa Desert; Western Altepa Desert,Rise of the Zilart,https://horizonffxi.wiki/Eastern_Altepa_Desert; https://horizonffxi.wiki/Western_Altepa_Desert
Beat Around the Bushin,absent_walkthrough,,,,7,Balga's Dais; Behemoth's Dominion; Dragon's Aery; Horlais Peak; Lower Jeuno; Valley of Sorrows; Waughroon Shrine,Final Fantasy XI; Rise of the Zilart,https://horizonffxi.wiki/Lower_Jeuno; https://horizonffxi.wiki/Waughroon_Shrine; https://horizonffxi.wiki/Dragon%27s_Aery; https://horizonffxi.wiki/Behemoth%27s_Dominion; https://horizonffxi.wiki/Horlais_Peak; https://horizonffxi.wiki/Balga%27s_Dais; https://horizonffxi.wiki/Valley_of_Sorrows
Beaucedine Glacier/Garrison,absent_walkthrough,,,,1,Beaucedine Glacier,Final Fantasy XI,https://horizonffxi.wiki/Beaucedine_Glacier
Beauty and the Galka,absent_walkthrough,,,,1,Port Bastok,Final Fantasy XI,https://horizonffxi.wiki/Port_Bastok
Beginnings,absent_walkthrough,,,,1,Aht Urhgan Whitegate,Treasures of Aht Urhgan,https://horizonffxi.wiki/Aht_Urhgan_Whitegate
Behind the Smile,absent_walkthrough,,,,1,Tavnazian Safehold,Chains of Promathia,https://horizonffxi.wiki/Tavnazian_Safehold
Better the Demon You Know,absent_walkthrough,,,,1,Castle Zvahl Baileys,Final Fantasy XI,https://horizonffxi.wiki/Castle_Zvahl_Baileys
Beyond Infinity,absent_walkthrough,,,,2,Balga's Dais; Horlais Peak,Final Fantasy XI,https://horizonffxi.wiki/Horlais_Peak; https://horizonffxi.wiki/Balga%27s_Dais
Beyond the Sun,absent_walkthrough,,,,1,Ru'Lude Gardens,Final Fantasy XI,https://horizonffxi.wiki/Ru%27Lude_Gardens
Bite the Dust,absent_walkthrough,,,,2,Port Bastok; Valkurm Dunes,Final Fantasy XI,https://horizonffxi.wiki/Port_Bastok; https://horizonffxi.wiki/Valkurm_Dunes
Black Market,absent_walkthrough,,,,1,Norg,Rise of the Zilart,https://horizonffxi.wiki/Norg
Black Tiger Skins,absent_walkthrough,,,,1,Southern San d'Oria,Final Fantasy XI,https://horizonffxi.wiki/Southern_San_d%27Oria
Blackmail,absent_walkthrough,,,,3,Fort Ghelsba; Northern San d'Oria; Yughott Grotto,Final Fantasy XI,https://horizonffxi.wiki/Northern_San_d%27Oria; https://horizonffxi.wiki/Fort_Ghelsba; https://horizonffxi.wiki/Yughott_Grotto
Blade of Darkness,absent_walkthrough,,,,4,Bastok Mines; Beadeaux; Palborough Mines; Zeruhn Mines,Final Fantasy XI,https://horizonffxi.wiki/Bastok_Mines; https://horizonffxi.wiki/Beadeaux; https://horizonffxi.wiki/Palborough_Mines; https://horizonffxi.wiki/Zeruhn_Mines
Blade of Death,absent_walkthrough,,,,2,Bastok Mines; Gusgen Mines,Final Fantasy XI,https://horizonffxi.wiki/Bastok_Mines; https://horizonffxi.wiki/Gusgen_Mines
Blade of Evil,absent_walkthrough,,,,2,Beadeaux; Middle Delkfutt's Tower,Final Fantasy XI,https://horizonffxi.wiki/Beadeaux; https://horizonffxi.wiki/Middle_Delkfutt%27s_Tower
Blast from the Past,absent_walkthrough,,,,1,Maze of Shakhrami,Final Fantasy XI,https://horizonffxi.wiki/Maze_of_Shakhrami
Blessed Radiance,absent_walkthrough,,,,3,Jugner Forest; Lower Jeuno; Maze of Shakhrami,Final Fantasy XI,https://horizonffxi.wiki/Lower_Jeuno; https://horizonffxi.wiki/Maze_of_Shakhrami; https://horizonffxi.wiki/Jugner_Forest
Blighted Gloom,absent_walkthrough,,,,3,Jugner Forest; Korroloka Tunnel; Ordelle's Caves,Final Fantasy XI; Rise of the Zilart,https://horizonffxi.wiki/Korroloka_Tunnel; https://horizonffxi.wiki/Jugner_Forest; https://horizonffxi.wiki/Ordelle%27s_Caves
Blood and Glory,absent_walkthrough,,,,1,Ifrit's Cauldron,Rise of the Zilart,https://horizonffxi.wiki/Ifrit%27s_Cauldron
Blue Ribbon Blues,absent_walkthrough,,,,1,The Eldieme Necropolis,Final Fantasy XI,https://horizonffxi.wiki/The_Eldieme_Necropolis
Bombs Away!,absent_walkthrough,,,,1,Uleguerand Range,Chains of Promathia,https://horizonffxi.wiki/Uleguerand_Range
Borghertz's Calling Hands,absent_walkthrough,,,,6,Castle Zvahl Baileys; Port Jeuno; Sea Serpent Grotto; Temple of Uggalepih; Toraimarai Canal; Upper Jeuno,Final Fantasy XI; Rise of the Zilart,https://horizonffxi.wiki/Port_Jeuno; https://horizonffxi.wiki/Upper_Jeuno; https://horizonffxi.wiki/Sea_Serpent_Grotto; https://horizonffxi.wiki/Temple_of_Uggalepih; https://horizonffxi.wiki/Toraimarai_Canal; https://horizonffxi.wiki/Castle_Zvahl_Baileys
Borghertz's Chasing Hands,absent_walkthrough,,,,6,Castle Zvahl Baileys; Crawlers' Nest; Garlaige Citadel; Monastic Cavern; Port Jeuno; Upper Jeuno,Final Fantasy XI,https://horizonffxi.wiki/Port_Jeuno; https://horizonffxi.wiki/Upper_Jeuno; https://horizonffxi.wiki/Garlaige_Citadel; https://horizonffxi.wiki/Crawlers%27_Nest; https://horizonffxi.wiki/Monastic_Cavern; https://horizonffxi.wiki/Castle_Zvahl_Baileys
Borghertz's Dragon Hands,absent_walkthrough,,,,6,Castle Zvahl Baileys; Ifrit's Cauldron; Port Jeuno; Quicksand Caves; The Boyahda Tree; Upper Jeuno,Final Fantasy XI; Rise of the Zilart,https://horizonffxi.wiki/Port_Jeuno; https://horizonffxi.wiki/Upper_Jeuno; https://horizonffxi.wiki/Ifrit%27s_Cauldron; https://horizonffxi.wiki/Quicksand_Caves; https://horizonffxi.wiki/The_Boyahda_Tree; https://horizonffxi.wiki/Castle_Zvahl_Baileys
Borghertz's Harmonious Hands,absent_walkthrough,,,,5,Castle Oztroja; Castle Zvahl Baileys; Crawlers' Nest; Port Jeuno; Upper Jeuno,Final Fantasy XI,https://horizonffxi.wiki/Port_Jeuno; https://horizonffxi.wiki/Upper_Jeuno; https://horizonffxi.wiki/Castle_Oztroja; https://horizonffxi.wiki/Crawlers%27_Nest; https://horizonffxi.wiki/Castle_Zvahl_Baileys
Borghertz's Healing Hands,absent_walkthrough,,,,6,Beadeaux; Castle Zvahl Baileys; Crawlers' Nest; Garlaige Citadel; Port Jeuno; Upper Jeuno,Final Fantasy XI,https://horizonffxi.wiki/Port_Jeuno; https://horizonffxi.wiki/Upper_Jeuno; https://horizonffxi.wiki/Garlaige_Citadel; https://horizonffxi.wiki/Beadeaux; https://horizonffxi.wiki/Crawlers%27_Nest; https://horizonffxi.wiki/Castle_Zvahl_Baileys
Borghertz's Loyal Hands,absent_walkthrough,,,,6,Castle Zvahl Baileys; Kuftal Tunnel; Port Jeuno; Quicksand Caves; Temple of Uggalepih; Upper Jeuno,Final Fantasy XI; Rise of the Zilart,https://horizonffxi.wiki/Port_Jeuno; https://horizonffxi.wiki/Upper_Jeuno; https://horizonffxi.wiki/Temple_of_Uggalepih; https://horizonffxi.wiki/Quicksand_Caves; https://horizonffxi.wiki/Castle_Zvahl_Baileys; https://horizonffxi.wiki/Kuftal_Tunnel
Borghertz's Lurking Hands,absent_walkthrough,,,,6,Castle Zvahl Baileys; Ifrit's Cauldron; Port Jeuno; Sea Serpent Grotto; The Boyahda Tree; Upper Jeuno,Final Fantasy XI; Rise of the Zilart,https://horizonffxi.wiki/Port_Jeuno; https://horizonffxi.wiki/Upper_Jeuno; https://horizonffxi.wiki/Sea_Serpent_Grotto; https://horizonffxi.wiki/Ifrit%27s_Cauldron; https://horizonffxi.wiki/The_Boyahda_Tree; https://horizonffxi.wiki/Castle_Zvahl_Baileys
Borghertz's Shadowy Hands,absent_walkthrough,,,,6,Castle Oztroja; Castle Zvahl Baileys; Monastic Cavern; Port Jeuno; The Eldieme Necropolis; Upper Jeuno,Final Fantasy XI,https://horizonffxi.wiki/Port_Jeuno; https://horizonffxi.wiki/Upper_Jeuno; https://horizonffxi.wiki/Castle_Oztroja; https://horizonffxi.wiki/The_Eldieme_Necropolis; https://horizonffxi.wiki/Monastic_Cavern; https://horizonffxi.wiki/Castle_Zvahl_Baileys
Borghertz's Sneaky Hands,absent_walkthrough,,,,5,Castle Oztroja; Castle Zvahl Baileys; Monastic Cavern; Port Jeuno; Upper Jeuno,Final Fantasy XI,https://horizonffxi.wiki/Port_Jeuno; https://horizonffxi.wiki/Upper_Jeuno; https://horizonffxi.wiki/Castle_Oztroja; https://horizonffxi.wiki/Monastic_Cavern; https://horizonffxi.wiki/Castle_Zvahl_Baileys
Borghertz's Sorcerous Hands,absent_walkthrough,,,,6,Castle Zvahl Baileys; Garlaige Citadel; Monastic Cavern; Port Jeuno; The Eldieme Necropolis; Upper Jeuno,Final Fantasy XI,https://horizonffxi.wiki/Port_Jeuno; https://horizonffxi.wiki/Upper_Jeuno; https://horizonffxi.wiki/Garlaige_Citadel; https://horizonffxi.wiki/The_Eldieme_Necropolis; https://horizonffxi.wiki/Monastic_Cavern; https://horizonffxi.wiki/Castle_Zvahl_Baileys
Borghertz's Stalwart Hands,absent_walkthrough,,,,6,Beadeaux; Castle Zvahl Baileys; Garlaige Citadel; Port Jeuno; The Eldieme Necropolis; Upper Jeuno,Final Fantasy XI,https://horizonffxi.wiki/Port_Jeuno; https://horizonffxi.wiki/Upper_Jeuno; https://horizonffxi.wiki/Garlaige_Citadel; https://horizonffxi.wiki/Beadeaux; https://horizonffxi.wiki/The_Eldieme_Necropolis; https://horizonffxi.wiki/Castle_Zvahl_Baileys
Borghertz's Striking Hands,absent_walkthrough,,,,6,Beadeaux; Castle Zvahl Baileys; Crawlers' Nest; Garlaige Citadel; Port Jeuno; Upper Jeuno,Final Fantasy XI,https://horizonffxi.wiki/Port_Jeuno; https://horizonffxi.wiki/Upper_Jeuno; https://horizonffxi.wiki/Garlaige_Citadel; https://horizonffxi.wiki/Beadeaux; https://horizonffxi.wiki/Crawlers%27_Nest; https://horizonffxi.wiki/Castle_Zvahl_Baileys
Borghertz's Vermillion Hands,absent_walkthrough,,,,6,Castle Oztroja; Castle Zvahl Baileys; Garlaige Citadel; Port Jeuno; The Eldieme Necropolis; Upper Jeuno,Final Fantasy XI,https://horizonffxi.wiki/Port_Jeuno; https://horizonffxi.wiki/Upper_Jeuno; https://horizonffxi.wiki/Castle_Oztroja; https://horizonffxi.wiki/Garlaige_Citadel; https://horizonffxi.wiki/The_Eldieme_Necropolis; https://horizonffxi.wiki/Castle_Zvahl_Baileys
Borghertz's Warring Hands,absent_walkthrough,,,,5,Castle Zvahl Baileys; Crawlers' Nest; Port Jeuno; The Eldieme Necropolis; Upper Jeuno,Final Fantasy XI,https://horizonffxi.wiki/Port_Jeuno; https://horizonffxi.wiki/Upper_Jeuno; https://horizonffxi.wiki/Crawlers%27_Nest; https://horizonffxi.wiki/The_Eldieme_Necropolis; https://horizonffxi.wiki/Castle_Zvahl_Baileys
Borghertz's Wild Hands,absent_walkthrough,,,,6,Beadeaux; Castle Zvahl Baileys; Crawlers' Nest; Garlaige Citadel; Port Jeuno; Upper Jeuno,Final Fantasy XI,https://horizonffxi.wiki/Port_Jeuno; https://horizonffxi.wiki/Upper_Jeuno; https://horizonffxi.wiki/Garlaige_Citadel; https://horizonffxi.wiki/Beadeaux; https://horizonffxi.wiki/Crawlers%27_Nest; https://horizonffxi.wiki/Castle_Zvahl_Baileys
Breaking Stones,absent_walkthrough,,,,2,Bastok Markets; Dangruf Wadi,Final Fantasy XI,https://horizonffxi.wiki/Bastok_Markets; https://horizonffxi.wiki/Dangruf_Wadi
Breaking the Bonds of Fate,absent_walkthrough,,,,1,Arrapago Reef,Treasures of Aht Urhgan,https://horizonffxi.wiki/Arrapago_Reef
Brigand's Chart Quest,absent_walkthrough,,,,1,Buburimu Peninsula,Final Fantasy XI,https://horizonffxi.wiki/Buburimu_Peninsula
Brygid the Stylist,dedicated_walkthrough,brygid-the-stylist,,thief-equipment; equipment-quests; thief-quests; quests; brygid-the-stylist-returns,1,Bastok Markets,Final Fantasy XI,https://horizonffxi.wiki/Bastok_Markets
Brygid the Stylist Returns,dedicated_walkthrough,brygid-the-stylist-returns,,thief-equipment; equipment-quests; thief-quests; quests,3,Bastok Markets; Phomiuna Aqueducts; Sacrarium,Chains of Promathia; Final Fantasy XI,https://horizonffxi.wiki/Bastok_Markets; https://horizonffxi.wiki/Phomiuna_Aqueducts; https://horizonffxi.wiki/Sacrarium
Buburimu Peninsula/Garrison,absent_walkthrough,,,,1,Buburimu Peninsula,Final Fantasy XI,https://horizonffxi.wiki/Buburimu_Peninsula
Buckets of Gold,absent_walkthrough,,,,1,Bastok Markets,Final Fantasy XI,https://horizonffxi.wiki/Bastok_Markets
Bugi Soden,absent_walkthrough,,,,2,Labyrinth of Onzozo; Norg,Rise of the Zilart,https://horizonffxi.wiki/Norg; https://horizonffxi.wiki/Labyrinth_of_Onzozo
Can Cardians Cry?,absent_walkthrough,,,,2,Windurst Woods; Xarcabard,Final Fantasy XI,https://horizonffxi.wiki/Windurst_Woods; https://horizonffxi.wiki/Xarcabard
Candle-making,absent_walkthrough,,,,2,La Theine Plateau; Upper Jeuno,Final Fantasy XI,https://horizonffxi.wiki/Upper_Jeuno; https://horizonffxi.wiki/La_Theine_Plateau
Cape Teriggan/Expeditionary Force,absent_walkthrough,,,,1,Cape Teriggan,Rise of the Zilart,https://horizonffxi.wiki/Cape_Teriggan
Cape Teriggan/Garrison,absent_walkthrough,,,,1,Cape Teriggan,Rise of the Zilart,https://horizonffxi.wiki/Cape_Teriggan
Carbuncle Debacle,absent_walkthrough,,,,4,Cloister of Gales; Cloister of Storms; Mhaura; Rabao,Final Fantasy XI; Rise of the Zilart,https://horizonffxi.wiki/Mhaura; https://horizonffxi.wiki/Rabao; https://horizonffxi.wiki/Cloister_of_Storms; https://horizonffxi.wiki/Cloister_of_Gales
Cargo,absent_walkthrough,,,,2,Crawlers' Nest; Selbina,Final Fantasy XI,https://horizonffxi.wiki/Selbina; https://horizonffxi.wiki/Crawlers%27_Nest
Catch It If You Can!,absent_walkthrough,,,,3,Outer Horutoto Ruins; The Eldieme Necropolis; Uleguerand Range,Chains of Promathia; Final Fantasy XI,https://horizonffxi.wiki/The_Eldieme_Necropolis; https://horizonffxi.wiki/Outer_Horutoto_Ruins; https://horizonffxi.wiki/Uleguerand_Range
Chameleon Capers,absent_walkthrough,,,,1,Lower Delkfutt's Tower,Final Fantasy XI,https://horizonffxi.wiki/Lower_Delkfutt%27s_Tower
Chasing Dreams,absent_walkthrough,,,,5,Korroloka Tunnel; Lufaise Meadows; Norg; Rabao; Sea Serpent Grotto,Chains of Promathia; Rise of the Zilart,https://horizonffxi.wiki/Norg; https://horizonffxi.wiki/Rabao; https://horizonffxi.wiki/Sea_Serpent_Grotto; https://horizonffxi.wiki/Korroloka_Tunnel; https://horizonffxi.wiki/Lufaise_Meadows
Chasing Quotas,absent_walkthrough,,,,3,Batallia Downs; Port San d'Oria; West Ronfaure,Final Fantasy XI,https://horizonffxi.wiki/Port_San_d%27Oria; https://horizonffxi.wiki/Batallia_Downs; https://horizonffxi.wiki/West_Ronfaure
Chasing Tales,absent_walkthrough,,,,1,Southern San d'Oria,Final Fantasy XI,https://horizonffxi.wiki/Southern_San_d%27Oria
Child's Play,absent_walkthrough,,,,1,Port Jeuno,Final Fantasy XI,https://horizonffxi.wiki/Port_Jeuno
Chips,absent_walkthrough,,,,3,Lower Jeuno; Metalworks; Pso'Xja,Chains of Promathia; Final Fantasy XI,https://horizonffxi.wiki/Metalworks; https://horizonffxi.wiki/Lower_Jeuno; https://horizonffxi.wiki/Pso%27Xja
Chocobilious,absent_walkthrough,,,,1,Windurst Woods,Final Fantasy XI,https://horizonffxi.wiki/Windurst_Woods
Chocobo on the Loose!,absent_walkthrough,,,,1,Upper Jeuno,Final Fantasy XI,https://horizonffxi.wiki/Upper_Jeuno
Chocobo's Wounds,dedicated_walkthrough,chocobos-wounds,,mounts; quests; adventure-goals; character-progress,1,Upper Jeuno,Final Fantasy XI,https://horizonffxi.wiki/Upper_Jeuno
Cid's Secret,absent_walkthrough,,,,2,Metalworks; Port Bastok,Final Fantasy XI,https://horizonffxi.wiki/Metalworks; https://horizonffxi.wiki/Port_Bastok
Class Reunion,absent_walkthrough,,,,3,Cloister of Frost; Fei'Yin; Northern San d'Oria,Final Fantasy XI; Rise of the Zilart,https://horizonffxi.wiki/Northern_San_d%27Oria; https://horizonffxi.wiki/Cloister_of_Frost; https://horizonffxi.wiki/Fei%27Yin
Cloak and Dagger,absent_walkthrough,,,,2,Gustav Tunnel; Kazham,Rise of the Zilart,https://horizonffxi.wiki/Kazham; https://horizonffxi.wiki/Gustav_Tunnel
Collect Tarut Cards,absent_walkthrough,,,,1,Lower Jeuno,Final Fantasy XI,https://horizonffxi.wiki/Lower_Jeuno
Coming Full Circle,absent_walkthrough,,,,1,Caedarva Mire,Treasures of Aht Urhgan,https://horizonffxi.wiki/Caedarva_Mire
Community Service,absent_walkthrough,,,,1,Lower Jeuno,Final Fantasy XI,https://horizonffxi.wiki/Lower_Jeuno
Confessions of a Bellmaker,absent_walkthrough,,,,1,Riverne - Site #A01,Chains of Promathia,https://horizonffxi.wiki/Riverne_-_Site_A01
Cook's Pride,absent_walkthrough,,,,1,Lower Jeuno,Final Fantasy XI,https://horizonffxi.wiki/Lower_Jeuno
Cook-a-roon?,absent_walkthrough,,,,1,Nashmau,Treasures of Aht Urhgan,https://horizonffxi.wiki/Nashmau
Creepy Crawlies,absent_walkthrough,,,,3,East Sarutabaruta; West Sarutabaruta; Windurst Woods,Final Fantasy XI,https://horizonffxi.wiki/Windurst_Woods; https://horizonffxi.wiki/East_Sarutabaruta; https://horizonffxi.wiki/West_Sarutabaruta
Crest of Davoi,dedicated_walkthrough,key-item-crest-of-davoi; crest-of-davoi-quest,,mission-sandoria-4-1; mission-bastok-4-1; mission-windurst-4-1; quests,1,Upper Jeuno,Final Fantasy XI,https://horizonffxi.wiki/Upper_Jeuno
Crying Over Onions,absent_walkthrough,,,,2,Quicksand Caves; Windurst Woods,Final Fantasy XI; Rise of the Zilart,https://horizonffxi.wiki/Windurst_Woods; https://horizonffxi.wiki/Quicksand_Caves
"Curses, Foiled A-Golem!?",absent_walkthrough,,,,2,Beaucedine Glacier; Fei'Yin,Final Fantasy XI,https://horizonffxi.wiki/Beaucedine_Glacier; https://horizonffxi.wiki/Fei%27Yin
"Curses, Foiled Again!",absent_walkthrough,,,,1,Inner Horutoto Ruins,Final Fantasy XI,https://horizonffxi.wiki/Inner_Horutoto_Ruins
Dark Legacy,absent_walkthrough,,,,2,Giddeus; Metalworks,Final Fantasy XI,https://horizonffxi.wiki/Metalworks; https://horizonffxi.wiki/Giddeus
Dark Puppet,absent_walkthrough,,,,2,Metalworks; Ordelle's Caves,Final Fantasy XI,https://horizonffxi.wiki/Metalworks; https://horizonffxi.wiki/Ordelle%27s_Caves
Deal with Tenshodo,absent_walkthrough,,,,5,Castle Zvahl Baileys; Castle Zvahl Keep; Davoi; Lower Jeuno; Monastic Cavern,Final Fantasy XI,https://horizonffxi.wiki/Lower_Jeuno; https://horizonffxi.wiki/Davoi; https://horizonffxi.wiki/Monastic_Cavern; https://horizonffxi.wiki/Castle_Zvahl_Baileys; https://horizonffxi.wiki/Castle_Zvahl_Keep
Delivering the Goods,absent_walkthrough,,,,1,Aht Urhgan Whitegate,Treasures of Aht Urhgan,https://horizonffxi.wiki/Aht_Urhgan_Whitegate
Distant Loyalties,absent_walkthrough,,,,2,Bastok Markets; Southern San d'Oria,Final Fantasy XI,https://horizonffxi.wiki/Bastok_Markets; https://horizonffxi.wiki/Southern_San_d%27Oria
Divine Interference,absent_walkthrough,,,,1,Mount Zhayolm,Treasures of Aht Urhgan,https://horizonffxi.wiki/Mount_Zhayolm
Divine Might,absent_walkthrough,,,,3,La'Loff Amphitheater; Ro'Maeve; Shrine of Ru'Avitau,Rise of the Zilart,https://horizonffxi.wiki/Ro%27Maeve; https://horizonffxi.wiki/La%27Loff_Amphitheater; https://horizonffxi.wiki/The_Shrine_of_Ru%27Avitau
Divine Might (Repeat),absent_walkthrough,,,,1,Shrine of Ru'Avitau,Rise of the Zilart,https://horizonffxi.wiki/The_Shrine_of_Ru%27Avitau
Don't Forget the Antidote,absent_walkthrough,,,,3,Eastern Altepa Desert; Rabao; Western Altepa Desert,Rise of the Zilart,https://horizonffxi.wiki/Rabao; https://horizonffxi.wiki/Eastern_Altepa_Desert; https://horizonffxi.wiki/Western_Altepa_Desert
Donate to Recycling,absent_walkthrough,,,,1,Selbina,Final Fantasy XI,https://horizonffxi.wiki/Selbina
Drachenfall,absent_walkthrough,,,,3,Bastok Mines; Dangruf Wadi; North Gustaberg,Final Fantasy XI,https://horizonffxi.wiki/Bastok_Mines; https://horizonffxi.wiki/Dangruf_Wadi; https://horizonffxi.wiki/North_Gustaberg
Ducal Hospitality,absent_walkthrough,,,,2,Rolanberry Fields; Ru'Lude Gardens,Final Fantasy XI,https://horizonffxi.wiki/Ru%27Lude_Gardens; https://horizonffxi.wiki/Rolanberry_Fields
"Duties, Tasks, and Deeds",absent_walkthrough,,,,2,Ilrusi Atoll; Nashmau,Treasures of Aht Urhgan,https://horizonffxi.wiki/Nashmau; https://horizonffxi.wiki/Ilrusi_Atoll
Early Bird Catches the Bookworm,absent_walkthrough,,,,1,Giddeus,Final Fantasy XI,https://horizonffxi.wiki/Giddeus
Eastern Altepa Desert/Expeditionary Force,absent_walkthrough,,,,1,Eastern Altepa Desert,Rise of the Zilart,https://horizonffxi.wiki/Eastern_Altepa_Desert
Eastern Altepa Desert/Garrison,absent_walkthrough,,,,1,Eastern Altepa Desert,Rise of the Zilart,https://horizonffxi.wiki/Eastern_Altepa_Desert
Eco-Warrior (Bastok),alias_walkthrough,,eco-warrior,eco-warrior,2,Gusgen Mines; Port Bastok,Final Fantasy XI,https://horizonffxi.wiki/Port_Bastok; https://horizonffxi.wiki/Gusgen_Mines
Eco-Warrior (San d'Oria),alias_walkthrough,,eco-warrior,eco-warrior,2,Ordelle's Caves; Southern San d'Oria,Final Fantasy XI,https://horizonffxi.wiki/Southern_San_d%27Oria; https://horizonffxi.wiki/Ordelle%27s_Caves
Eco-Warrior (Windurst),alias_walkthrough,,eco-warrior,eco-warrior,1,Maze of Shakhrami,Final Fantasy XI,https://horizonffxi.wiki/Maze_of_Shakhrami
Elder Memories,absent_walkthrough,,,,1,Selbina,Final Fantasy XI,https://horizonffxi.wiki/Selbina
Elderly Pursuits,absent_walkthrough,,,,1,Tavnazian Safehold,Chains of Promathia,https://horizonffxi.wiki/Tavnazian_Safehold
Embers of His Past,absent_walkthrough,,,,1,Mount Zhayolm,Treasures of Aht Urhgan,https://horizonffxi.wiki/Mount_Zhayolm
Empty Memories,absent_walkthrough,,,,3,Promyvion - Holla; Promyvion - Vahzl; Ru'Lude Gardens,Chains of Promathia; Final Fantasy XI,https://horizonffxi.wiki/Ru%27Lude_Gardens; https://horizonffxi.wiki/Promyvion_-_Holla; https://horizonffxi.wiki/Promyvion_-_Vahzl
Enveloped in Darkness,absent_walkthrough,,,,2,Chateau d'Oraguille; Crawlers' Nest,Final Fantasy XI,https://horizonffxi.wiki/Chateau_d%27Oraguille; https://horizonffxi.wiki/Crawlers%27_Nest
Equipped for All Occasions,absent_walkthrough,,,,1,Arrapago Reef,Treasures of Aht Urhgan,https://horizonffxi.wiki/Arrapago_Reef
Escort for Hire (Bastok),absent_walkthrough,,,,2,Crawlers' Nest; Port Bastok,Final Fantasy XI,https://horizonffxi.wiki/Port_Bastok; https://horizonffxi.wiki/Crawlers%27_Nest
Escort for Hire (San d'Oria),absent_walkthrough,,,,2,Northern San d'Oria; The Eldieme Necropolis,Final Fantasy XI,https://horizonffxi.wiki/Northern_San_d%27Oria; https://horizonffxi.wiki/The_Eldieme_Necropolis
Escort for Hire (Windurst),absent_walkthrough,,,,1,Garlaige Citadel,Final Fantasy XI,https://horizonffxi.wiki/Garlaige_Citadel
Even More Gullible's Travels,absent_walkthrough,,,,2,Kazham; Yuhtunga Jungle,Rise of the Zilart,https://horizonffxi.wiki/Kazham; https://horizonffxi.wiki/Yuhtunga_Jungle
Everyone's Grudge,absent_walkthrough,,,,2,Norg; Temple of Uggalepih,Rise of the Zilart,https://horizonffxi.wiki/Norg; https://horizonffxi.wiki/Temple_of_Uggalepih
Everyone's Grudging,absent_walkthrough,,,,4,Den of Rancor; Kazham; Temple of Uggalepih; Yhoator Jungle,Rise of the Zilart,https://horizonffxi.wiki/Kazham; https://horizonffxi.wiki/Den_of_Rancor; https://horizonffxi.wiki/Temple_of_Uggalepih; https://horizonffxi.wiki/Yhoator_Jungle
Excalibur,absent_walkthrough,,,,1,Dragon's Aery,Rise of the Zilart,https://horizonffxi.wiki/Dragon%27s_Aery
Exit the Gambler,absent_walkthrough,,,,2,Northern San d'Oria; Southern San d'Oria,Final Fantasy XI,https://horizonffxi.wiki/Northern_San_d%27Oria; https://horizonffxi.wiki/Southern_San_d%27Oria
Expeditionary Force/Beaucedine Glacier,absent_walkthrough,,,,1,Beaucedine Glacier,Final Fantasy XI,https://horizonffxi.wiki/Beaucedine_Glacier
Expeditionary Force/Buburimu Peninsula,absent_walkthrough,,,,1,Buburimu Peninsula,Final Fantasy XI,https://horizonffxi.wiki/Buburimu_Peninsula
Expeditionary Force/Jugner Forest,absent_walkthrough,,,,1,Jugner Forest,Final Fantasy XI,https://horizonffxi.wiki/Jugner_Forest
Expeditionary Force/Meriphataud Mountains,absent_walkthrough,,,,1,Meriphataud Mountains,Final Fantasy XI,https://horizonffxi.wiki/Meriphataud_Mountains
Expeditionary Force/Xarcabard,absent_walkthrough,,,,1,Xarcabard,Final Fantasy XI,https://horizonffxi.wiki/Xarcabard
Expertise,absent_walkthrough,,,,2,Mhaura; Selbina,Final Fantasy XI,https://horizonffxi.wiki/Selbina; https://horizonffxi.wiki/Mhaura
Face of the Future,absent_walkthrough,,,,1,Ghelsba Outpost,Final Fantasy XI,https://horizonffxi.wiki/Ghelsba_Outpost
Faded Promises,absent_walkthrough,,,,2,Metalworks; Palborough Mines,Final Fantasy XI,https://horizonffxi.wiki/Metalworks; https://horizonffxi.wiki/Palborough_Mines
Fallen Comrades,absent_walkthrough,,,,2,Bastok Mines; Palborough Mines,Final Fantasy XI,https://horizonffxi.wiki/Bastok_Mines; https://horizonffxi.wiki/Palborough_Mines
Father and Son,absent_walkthrough,,,,1,Northern San d'Oria,Final Fantasy XI,https://horizonffxi.wiki/Northern_San_d%27Oria
Father Figure,absent_walkthrough,,,,1,Bastok Markets,Final Fantasy XI,https://horizonffxi.wiki/Bastok_Markets
Fear of Flying,absent_walkthrough,,,,2,Port Bastok; Rolanberry Fields,Final Fantasy XI,https://horizonffxi.wiki/Port_Bastok; https://horizonffxi.wiki/Rolanberry_Fields
Fear of the Dark,dedicated_walkthrough,fear-of-the-dark,,quests; adventure-goals; character-progress,1,Northern San d'Oria,Final Fantasy XI,https://horizonffxi.wiki/Northern_San_d%27Oria
Fear of the Dark II,absent_walkthrough,,,,1,Al Zahbi,Treasures of Aht Urhgan,https://horizonffxi.wiki/Al_Zahbi
Finding Faults,absent_walkthrough,,,,4,Aht Urhgan Whitegate; Caedarva Mire; Mount Zhayolm; Wajaom Woodlands,Treasures of Aht Urhgan,https://horizonffxi.wiki/Aht_Urhgan_Whitegate; https://horizonffxi.wiki/Caedarva_Mire; https://horizonffxi.wiki/Mount_Zhayolm; https://horizonffxi.wiki/Wajaom_Woodlands
Fire and Brimstone,absent_walkthrough,,,,3,Castle Oztroja; The Eldieme Necropolis; Windurst Woods,Final Fantasy XI,https://horizonffxi.wiki/Windurst_Woods; https://horizonffxi.wiki/Castle_Oztroja; https://horizonffxi.wiki/The_Eldieme_Necropolis
Fisherman's Heart,absent_walkthrough,,,,1,Mhaura,Final Fantasy XI,https://horizonffxi.wiki/Mhaura
Fist of the People,absent_walkthrough,,,,2,Al Zahbi; Wajaom Woodlands,Treasures of Aht Urhgan,https://horizonffxi.wiki/Al_Zahbi; https://horizonffxi.wiki/Wajaom_Woodlands
Fistful of Fury,absent_walkthrough,,,,6,Balga's Dais; Beaucedine Glacier; Horlais Peak; Lower Jeuno; Ordelle's Caves; Sauromugue Champaign,Final Fantasy XI,https://horizonffxi.wiki/Lower_Jeuno; https://horizonffxi.wiki/Sauromugue_Champaign; https://horizonffxi.wiki/Beaucedine_Glacier; https://horizonffxi.wiki/Horlais_Peak; https://horizonffxi.wiki/Balga%27s_Dais; https://horizonffxi.wiki/Ordelle%27s_Caves
Fit for a Prince,absent_walkthrough,,,,1,Chateau d'Oraguille,Final Fantasy XI,https://horizonffxi.wiki/Chateau_d%27Oraguille
Five Seconds of Fame,absent_walkthrough,,,,1,Aht Urhgan Whitegate,Treasures of Aht Urhgan,https://horizonffxi.wiki/Aht_Urhgan_Whitegate
Fly High,absent_walkthrough,,,,3,Riverne - Site #A01; Riverne - Site #B01; Tavnazian Safehold,Chains of Promathia,https://horizonffxi.wiki/Tavnazian_Safehold; https://horizonffxi.wiki/Riverne_-_Site_A01; https://horizonffxi.wiki/Riverne_-_Site_B01
Flyers for Regine,absent_walkthrough,,,,3,Northern San d'Oria; Port San d'Oria; Southern San d'Oria,Final Fantasy XI,https://horizonffxi.wiki/Northern_San_d%27Oria; https://horizonffxi.wiki/Port_San_d%27Oria; https://horizonffxi.wiki/Southern_San_d%27Oria
For the Birds,absent_walkthrough,,,,5,Beadeaux; Castle Oztroja; Eastern Altepa Desert; Oldton Movalpolos; Western Altepa Desert,Chains of Promathia; Final Fantasy XI; Rise of the Zilart,https://horizonffxi.wiki/Castle_Oztroja; https://horizonffxi.wiki/Beadeaux; https://horizonffxi.wiki/Eastern_Altepa_Desert; https://horizonffxi.wiki/Western_Altepa_Desert; https://horizonffxi.wiki/Oldton_Movalpolos
Forever to Hold,absent_walkthrough,,,,1,Port Bastok,Final Fantasy XI,https://horizonffxi.wiki/Port_Bastok
Forge Your Destiny,absent_walkthrough,,,,3,Konschtat Highlands; Norg; The Sanctuary of Zi'Tah,Final Fantasy XI; Rise of the Zilart,https://horizonffxi.wiki/Norg; https://horizonffxi.wiki/The_Sanctuary_of_Zi%27Tah; https://horizonffxi.wiki/Konschtat_Highlands
Forging a New Myth,absent_walkthrough,,,,2,Caedarva Mire; Mount Zhayolm,Treasures of Aht Urhgan,https://horizonffxi.wiki/Caedarva_Mire; https://horizonffxi.wiki/Mount_Zhayolm
From Saplings Grow,absent_walkthrough,,,,2,Cape Teriggan; Windurst Woods,Final Fantasy XI; Rise of the Zilart,https://horizonffxi.wiki/Windurst_Woods; https://horizonffxi.wiki/Cape_Teriggan
Further Founts,absent_walkthrough,,,,1,Davoi,Final Fantasy XI,https://horizonffxi.wiki/Davoi
Garrison/Jugner Forest,absent_walkthrough,,,,1,Jugner Forest,Final Fantasy XI,https://horizonffxi.wiki/Jugner_Forest
Garrison/North Gustaberg,absent_walkthrough,,,,1,North Gustaberg,Final Fantasy XI,https://horizonffxi.wiki/North_Gustaberg
Garrison/Qufim Island,absent_walkthrough,,,,1,Qufim Island,Final Fantasy XI,https://horizonffxi.wiki/Qufim_Island
Garrison/The Sanctuary of Zi'Tah,absent_walkthrough,,,,1,The Sanctuary of Zi'Tah,Rise of the Zilart,https://horizonffxi.wiki/The_Sanctuary_of_Zi%27Tah
Gates to Paradise,absent_walkthrough,,,,2,La Theine Plateau; Northern San d'Oria,Final Fantasy XI,https://horizonffxi.wiki/Northern_San_d%27Oria; https://horizonffxi.wiki/La_Theine_Plateau
Get the Picture,absent_walkthrough,,,,6,Aht Urhgan Whitegate; Caedarva Mire; Halvung; Mamook; Mount Zhayolm; Wajaom Woodlands,Treasures of Aht Urhgan,https://horizonffxi.wiki/Aht_Urhgan_Whitegate; https://horizonffxi.wiki/Caedarva_Mire; https://horizonffxi.wiki/Halvung; https://horizonffxi.wiki/Mount_Zhayolm; https://horizonffxi.wiki/Mamook; https://horizonffxi.wiki/Wajaom_Woodlands
Ghosts of the Past,absent_walkthrough,,,,2,Gusgen Mines; Port Bastok,Final Fantasy XI,https://horizonffxi.wiki/Port_Bastok; https://horizonffxi.wiki/Gusgen_Mines
Give Peace a Chance,absent_walkthrough,,,,3,Aht Urhgan Whitegate; Mamook; Wajaom Woodlands,Treasures of Aht Urhgan,https://horizonffxi.wiki/Aht_Urhgan_Whitegate; https://horizonffxi.wiki/Mamook; https://horizonffxi.wiki/Wajaom_Woodlands
Glyph Hanger,absent_walkthrough,,,,1,West Sarutabaruta,Final Fantasy XI,https://horizonffxi.wiki/West_Sarutabaruta
Go! Go! Gobmuffin!,absent_walkthrough,,,,2,Riverne - Site #B01; Tavnazian Safehold,Chains of Promathia,https://horizonffxi.wiki/Tavnazian_Safehold; https://horizonffxi.wiki/Riverne_-_Site_B01
Got It All,absent_walkthrough,,,,1,Aht Urhgan Whitegate,Treasures of Aht Urhgan,https://horizonffxi.wiki/Aht_Urhgan_Whitegate
Gourmet,absent_walkthrough,,,,1,Bastok Markets,Final Fantasy XI,https://horizonffxi.wiki/Bastok_Markets
Grave Concerns,absent_walkthrough,,,,2,King Ranperre's Tomb; Southern San d'Oria,Final Fantasy XI,https://horizonffxi.wiki/Southern_San_d%27Oria; https://horizonffxi.wiki/King_Ranperre%27s_Tomb
Greetings to the Guardian,absent_walkthrough,,,,2,Ifrit's Cauldron; Kazham,Rise of the Zilart,https://horizonffxi.wiki/Kazham; https://horizonffxi.wiki/Ifrit%27s_Cauldron
Grimy Signposts,absent_walkthrough,,,,2,Jugner Forest; Southern San d'Oria,Final Fantasy XI,https://horizonffxi.wiki/Southern_San_d%27Oria; https://horizonffxi.wiki/Jugner_Forest
Groceries,absent_walkthrough,,,,2,Bastok Mines; Zeruhn Mines,Final Fantasy XI,https://horizonffxi.wiki/Bastok_Mines; https://horizonffxi.wiki/Zeruhn_Mines
Growing Flowers,absent_walkthrough,,,,1,Northern San d'Oria,Final Fantasy XI,https://horizonffxi.wiki/Northern_San_d%27Oria
Guest of Hauteur,absent_walkthrough,,,,1,Port Bastok,Final Fantasy XI,https://horizonffxi.wiki/Port_Bastok
Gullible's Travels,absent_walkthrough,,,,1,Kazham,Rise of the Zilart,https://horizonffxi.wiki/Kazham
Healing the Land,absent_walkthrough,,,,2,Gusgen Mines; Northern San d'Oria,Final Fantasy XI,https://horizonffxi.wiki/Northern_San_d%27Oria; https://horizonffxi.wiki/Gusgen_Mines
Hearts of Mythril,absent_walkthrough,,,,2,Bastok Mines; North Gustaberg,Final Fantasy XI,https://horizonffxi.wiki/Bastok_Mines; https://horizonffxi.wiki/North_Gustaberg
Heaven Cent,absent_walkthrough,,,,1,Maze of Shakhrami,Final Fantasy XI,https://horizonffxi.wiki/Maze_of_Shakhrami
Her Majesty's Garden,absent_walkthrough,,,,2,Chateau d'Oraguille; Crawlers' Nest,Final Fantasy XI,https://horizonffxi.wiki/Chateau_d%27Oraguille; https://horizonffxi.wiki/Crawlers%27_Nest
His Name is Valgeir,absent_walkthrough,,,,2,Mhaura; Selbina,Final Fantasy XI,https://horizonffxi.wiki/Selbina; https://horizonffxi.wiki/Mhaura
Hitting the Marquisate,absent_walkthrough,,,,4,Garlaige Citadel; La Theine Plateau; Ordelle's Caves; Windurst Woods,Final Fantasy XI,https://horizonffxi.wiki/Windurst_Woods; https://horizonffxi.wiki/Garlaige_Citadel; https://horizonffxi.wiki/La_Theine_Plateau; https://horizonffxi.wiki/Ordelle%27s_Caves
"Hoist the Jelly, Roger",absent_walkthrough,,,,1,Crawlers' Nest,Final Fantasy XI,https://horizonffxi.wiki/Crawlers%27_Nest
"Hook, Line, and Sinker",absent_walkthrough,,,,2,Lower Jeuno; Qufim Island,Final Fantasy XI,https://horizonffxi.wiki/Lower_Jeuno; https://horizonffxi.wiki/Qufim_Island
Howl from the Heavens,absent_walkthrough,,,,1,Altar Room,Final Fantasy XI,https://horizonffxi.wiki/Altar_Room
Hyper Active,absent_walkthrough,,,,2,Lower Delkfutt's Tower; Metalworks,Final Fantasy XI,https://horizonffxi.wiki/Metalworks; https://horizonffxi.wiki/Lower_Delkfutt%27s_Tower
I Can Hear a Rainbow,absent_walkthrough,,,,1,La Theine Plateau,Final Fantasy XI,https://horizonffxi.wiki/La_Theine_Plateau
I'll Take the Big Box,absent_walkthrough,,,,3,Norg; Ship bound for Mhaura; Ship bound for Selbina,Final Fantasy XI; Rise of the Zilart,https://horizonffxi.wiki/Norg; https://horizonffxi.wiki/Ship_bound_for_Mhaura; https://horizonffxi.wiki/Ship_bound_for_Selbina
In a Pickle,absent_walkthrough,,,,1,East Sarutabaruta,Final Fantasy XI,https://horizonffxi.wiki/East_Sarutabaruta
In a Stew,absent_walkthrough,,,,1,Windurst Woods,Final Fantasy XI,https://horizonffxi.wiki/Windurst_Woods
In Defiant Challenge,alias_walkthrough,,first-limit-break,limit-break; first-limit-break; the-eldieme-necropolis-door-quest,4,Crawlers' Nest; Garlaige Citadel; Ru'Lude Gardens; The Eldieme Necropolis,Final Fantasy XI,https://horizonffxi.wiki/Ru%27Lude_Gardens; https://horizonffxi.wiki/Garlaige_Citadel; https://horizonffxi.wiki/Crawlers%27_Nest; https://horizonffxi.wiki/The_Eldieme_Necropolis
In Search of the Truth,absent_walkthrough,,,,1,Tavnazian Safehold,Chains of Promathia,https://horizonffxi.wiki/Tavnazian_Safehold
In the Mood for Love,absent_walkthrough,,,,2,Lower Jeuno; Lufaise Meadows,Chains of Promathia; Final Fantasy XI,https://horizonffxi.wiki/Lower_Jeuno; https://horizonffxi.wiki/Lufaise_Meadows
In the Name of Science,absent_walkthrough,,,,4,Al'Taieu; Grand Palace of Hu'Xzoi; Tavnazian Safehold; The Garden of Ru'Hmet,Chains of Promathia,https://horizonffxi.wiki/Tavnazian_Safehold; https://horizonffxi.wiki/Al%27Taieu; https://horizonffxi.wiki/The_Garden_of_Ru%27Hmet; https://horizonffxi.wiki/Grand_Palace_of_Hu%27Xzoi
Indomitable Spirit,absent_walkthrough,,,,1,Rabao,Rise of the Zilart,https://horizonffxi.wiki/Rabao
Inheritance,absent_walkthrough,,,,2,Bastok Mines; Eastern Altepa Desert,Final Fantasy XI; Rise of the Zilart,https://horizonffxi.wiki/Bastok_Mines; https://horizonffxi.wiki/Eastern_Altepa_Desert
Inside the Belly,absent_walkthrough,,,,1,Selbina,Final Fantasy XI,https://horizonffxi.wiki/Selbina
Intermediate Teamwork,absent_walkthrough,,,,2,Northern San d'Oria; West Ronfaure,Final Fantasy XI,https://horizonffxi.wiki/Northern_San_d%27Oria; https://horizonffxi.wiki/West_Ronfaure
Introduction To Teamwork,absent_walkthrough,,,,2,Northern San d'Oria; West Ronfaure,Final Fantasy XI,https://horizonffxi.wiki/Northern_San_d%27Oria; https://horizonffxi.wiki/West_Ronfaure
It's Not Your Vault,absent_walkthrough,,,,2,Norg; Sea Serpent Grotto,Rise of the Zilart,https://horizonffxi.wiki/Norg; https://horizonffxi.wiki/Sea_Serpent_Grotto
It's Raining Mannequins,absent_walkthrough,,,,3,Mhaura; Selbina; Tavnazian Safehold,Chains of Promathia; Final Fantasy XI,https://horizonffxi.wiki/Selbina; https://horizonffxi.wiki/Mhaura; https://horizonffxi.wiki/Tavnazian_Safehold
Kazham Airship Pass,absent_walkthrough,,,,3,Giddeus; Palborough Mines; Port Jeuno,Final Fantasy XI,https://horizonffxi.wiki/Port_Jeuno; https://horizonffxi.wiki/Palborough_Mines; https://horizonffxi.wiki/Giddeus
Keeping Notes,absent_walkthrough,,,,1,Aht Urhgan Whitegate,Treasures of Aht Urhgan,https://horizonffxi.wiki/Aht_Urhgan_Whitegate
Knight Stalker,absent_walkthrough,,,,3,Chateau d'Oraguille; Kuftal Tunnel; Temple of Uggalepih,Final Fantasy XI; Rise of the Zilart,https://horizonffxi.wiki/Chateau_d%27Oraguille; https://horizonffxi.wiki/Temple_of_Uggalepih; https://horizonffxi.wiki/Kuftal_Tunnel
Knocking on Forbidden Doors,absent_walkthrough,,,,3,Misareaux Coast; Phomiuna Aqueducts; Tavnazian Safehold,Chains of Promathia,https://horizonffxi.wiki/Tavnazian_Safehold; https://horizonffxi.wiki/Misareaux_Coast; https://horizonffxi.wiki/Phomiuna_Aqueducts
Led Astray,absent_walkthrough,,,,2,Aht Urhgan Whitegate; Nashmau,Treasures of Aht Urhgan,https://horizonffxi.wiki/Aht_Urhgan_Whitegate; https://horizonffxi.wiki/Nashmau
Legendary Plan B,absent_walkthrough,,,,1,Windurst Woods,Final Fantasy XI,https://horizonffxi.wiki/Windurst_Woods
Let Sleeping Dogs Lie,absent_walkthrough,,,,1,Pashhow Marshlands,Final Fantasy XI,https://horizonffxi.wiki/Pashhow_Marshlands
Like a Shining Subligar,absent_walkthrough,,,,1,Norg,Rise of the Zilart,https://horizonffxi.wiki/Norg
Like Shining Leggings,absent_walkthrough,,,,1,Norg,Rise of the Zilart,https://horizonffxi.wiki/Norg
Lizard Skins,absent_walkthrough,,,,1,Southern San d'Oria,Final Fantasy XI,https://horizonffxi.wiki/Southern_San_d%27Oria
Love and Ice,absent_walkthrough,,,,2,Beaucedine Glacier; Port Bastok,Final Fantasy XI,https://horizonffxi.wiki/Port_Bastok; https://horizonffxi.wiki/Beaucedine_Glacier
Lovers in the Dusk,absent_walkthrough,,,,2,Port Bastok; The Sanctuary of Zi'Tah,Final Fantasy XI; Rise of the Zilart,https://horizonffxi.wiki/Port_Bastok; https://horizonffxi.wiki/The_Sanctuary_of_Zi%27Tah
Luck of the Draw,absent_walkthrough,,,,2,Aht Urhgan Whitegate; Arrapago Reef,Treasures of Aht Urhgan,https://horizonffxi.wiki/Aht_Urhgan_Whitegate; https://horizonffxi.wiki/Arrapago_Reef
Lufet's Lake Salt,absent_walkthrough,,,,2,Port San d'Oria; West Ronfaure,Final Fantasy XI,https://horizonffxi.wiki/Port_San_d%27Oria; https://horizonffxi.wiki/West_Ronfaure
Lure of the Wildcat (Jeuno),absent_walkthrough,,,,2,Lower Jeuno; Ru'Lude Gardens,Final Fantasy XI,https://horizonffxi.wiki/Lower_Jeuno; https://horizonffxi.wiki/Ru%27Lude_Gardens
Lure of the Wildcat (San d'Oria),absent_walkthrough,,,,1,Port San d'Oria,Final Fantasy XI,https://horizonffxi.wiki/Port_San_d%27Oria
Making Amens!,absent_walkthrough,,,,1,Garlaige Citadel,Final Fantasy XI,https://horizonffxi.wiki/Garlaige_Citadel
Making Headlines,absent_walkthrough,,,,2,Inner Horutoto Ruins; Windurst Woods,Final Fantasy XI,https://horizonffxi.wiki/Windurst_Woods; https://horizonffxi.wiki/Inner_Horutoto_Ruins
Making the Grade,absent_walkthrough,,,,1,Inner Horutoto Ruins,Final Fantasy XI,https://horizonffxi.wiki/Inner_Horutoto_Ruins
Mama Mia,absent_walkthrough,,,,1,Norg,Rise of the Zilart,https://horizonffxi.wiki/Norg
Mandragora-Mad,absent_walkthrough,,,,4,East Sarutabaruta; Tahrongi Canyon; The Boyahda Tree; West Sarutabaruta,Final Fantasy XI; Rise of the Zilart,https://horizonffxi.wiki/Tahrongi_Canyon; https://horizonffxi.wiki/The_Boyahda_Tree; https://horizonffxi.wiki/East_Sarutabaruta; https://horizonffxi.wiki/West_Sarutabaruta
Mean Machine,absent_walkthrough,,,,1,Metalworks,Final Fantasy XI,https://horizonffxi.wiki/Metalworks
Meriphataud Mountains/Garrison,absent_walkthrough,,,,1,Meriphataud Mountains,Final Fantasy XI,https://horizonffxi.wiki/Meriphataud_Mountains
Messenger from Beyond,absent_walkthrough,,,,2,Northern San d'Oria; Valkurm Dunes,Final Fantasy XI,https://horizonffxi.wiki/Northern_San_d%27Oria; https://horizonffxi.wiki/Valkurm_Dunes
Methods Create Madness,absent_walkthrough,,,,2,Sea Serpent Grotto; Southern San d'Oria,Final Fantasy XI; Rise of the Zilart,https://horizonffxi.wiki/Southern_San_d%27Oria; https://horizonffxi.wiki/Sea_Serpent_Grotto
Mihgo's Amigo,absent_walkthrough,,,,1,Windurst Woods,Final Fantasy XI,https://horizonffxi.wiki/Windurst_Woods
Minesweeper,absent_walkthrough,,,,2,Bastok Mines; Zeruhn Mines,Final Fantasy XI,https://horizonffxi.wiki/Bastok_Mines; https://horizonffxi.wiki/Zeruhn_Mines
Mirror Images,absent_walkthrough,,,,1,Lower Jeuno,Final Fantasy XI,https://horizonffxi.wiki/Lower_Jeuno
"Mirror, Mirror",absent_walkthrough,,,,1,Port San d'Oria,Final Fantasy XI,https://horizonffxi.wiki/Port_San_d%27Oria
Missionary Man,absent_walkthrough,,,,3,Kazham; Northern San d'Oria; Yuhtunga Jungle,Final Fantasy XI; Rise of the Zilart,https://horizonffxi.wiki/Northern_San_d%27Oria; https://horizonffxi.wiki/Kazham; https://horizonffxi.wiki/Yuhtunga_Jungle
Missionary Moblin,absent_walkthrough,,,,2,Castle Zvahl Baileys; Davoi,Final Fantasy XI,https://horizonffxi.wiki/Davoi; https://horizonffxi.wiki/Castle_Zvahl_Baileys
Mithran Delicacies,absent_walkthrough,,,,1,Phanauet Channel,Chains of Promathia,https://horizonffxi.wiki/Phanauet_Channel
"Mom, the Adventurer?",absent_walkthrough,,,,1,Bastok Markets,Final Fantasy XI,https://horizonffxi.wiki/Bastok_Markets
Moment of Truth,absent_walkthrough,,,,2,Aht Urhgan Whitegate; Mamook,Treasures of Aht Urhgan,https://horizonffxi.wiki/Aht_Urhgan_Whitegate; https://horizonffxi.wiki/Mamook
Mysteries of Beadeaux I,dedicated_walkthrough,mysteries-of-beadeaux-i,,mission-sandoria-4-1; quests; mysteries-of-beadeaux-ii,2,Beadeaux; Lower Jeuno,Final Fantasy XI,https://horizonffxi.wiki/Lower_Jeuno; https://horizonffxi.wiki/Beadeaux
Mysteries of Beadeaux II,dedicated_walkthrough,mysteries-of-beadeaux-ii,,mission-sandoria-4-1; quests,2,Beadeaux; Lower Jeuno,Final Fantasy XI,https://horizonffxi.wiki/Lower_Jeuno; https://horizonffxi.wiki/Beadeaux
Navigating the Unfriendly Seas,absent_walkthrough,,,,1,Wajaom Woodlands,Treasures of Aht Urhgan,https://horizonffxi.wiki/Wajaom_Woodlands
Never to Return,absent_walkthrough,,,,1,Lower Jeuno,Final Fantasy XI,https://horizonffxi.wiki/Lower_Jeuno
No Strings Attached,absent_walkthrough,,,,2,Aht Urhgan Whitegate; Arrapago Reef,Treasures of Aht Urhgan,https://horizonffxi.wiki/Aht_Urhgan_Whitegate; https://horizonffxi.wiki/Arrapago_Reef
Northward,absent_walkthrough,,,,1,Ru'Lude Gardens,Final Fantasy XI,https://horizonffxi.wiki/Ru%27Lude_Gardens
Not Meant to Be,absent_walkthrough,,,,2,Caedarva Mire; Nashmau,Treasures of Aht Urhgan,https://horizonffxi.wiki/Nashmau; https://horizonffxi.wiki/Caedarva_Mire
Nothing Matters,absent_walkthrough,,,,1,Cape Teriggan,Rise of the Zilart,https://horizonffxi.wiki/Cape_Teriggan
Now Recording...,absent_walkthrough,,,,3,Garlaige Citadel; Korroloka Tunnel; Labyrinth of Onzozo,Final Fantasy XI; Rise of the Zilart,https://horizonffxi.wiki/Garlaige_Citadel; https://horizonffxi.wiki/Korroloka_Tunnel; https://horizonffxi.wiki/Labyrinth_of_Onzozo
Ode to the Serpents,absent_walkthrough,,,,1,Aht Urhgan Whitegate,Treasures of Aht Urhgan,https://horizonffxi.wiki/Aht_Urhgan_Whitegate
Old Wounds,absent_walkthrough,,,,2,Chateau d'Oraguille; Quicksand Caves,Final Fantasy XI; Rise of the Zilart,https://horizonffxi.wiki/Chateau_d%27Oraguille; https://horizonffxi.wiki/Quicksand_Caves
Olduum,absent_walkthrough,,,,2,Aht Urhgan Whitegate; Wajaom Woodlands,Treasures of Aht Urhgan,https://horizonffxi.wiki/Aht_Urhgan_Whitegate; https://horizonffxi.wiki/Wajaom_Woodlands
Omens,absent_walkthrough,,,,1,Aht Urhgan Whitegate,Treasures of Aht Urhgan,https://horizonffxi.wiki/Aht_Urhgan_Whitegate
Omni Aketon,absent_walkthrough,,,,1,Ru'Lude Gardens,Final Fantasy XI,https://horizonffxi.wiki/Ru%27Lude_Gardens
One Good Deed?,absent_walkthrough,,,,4,Attohwa Chasm; Bibiki Bay; Bibiki Bay - Purgonorgo Isle; Boneyard Gully,Chains of Promathia,https://horizonffxi.wiki/Attohwa_Chasm; https://horizonffxi.wiki/Boneyard_Gully; https://horizonffxi.wiki/Bibiki_Bay; https://horizonffxi.wiki/Bibiki_Bay_-_Purgonorgo_Isle
Onion Rings,absent_walkthrough,,,,1,Castle Oztroja,Final Fantasy XI,https://horizonffxi.wiki/Castle_Oztroja
Only the Best,absent_walkthrough,,,,1,Selbina,Final Fantasy XI,https://horizonffxi.wiki/Selbina
Operation Teatime,absent_walkthrough,,,,3,Aht Urhgan Whitegate; Caedarva Mire; Nashmau,Treasures of Aht Urhgan,https://horizonffxi.wiki/Aht_Urhgan_Whitegate; https://horizonffxi.wiki/Nashmau; https://horizonffxi.wiki/Caedarva_Mire
Orastery Woes,absent_walkthrough,,,,1,Ro'Maeve,Rise of the Zilart,https://horizonffxi.wiki/Ro%27Maeve
Orlando's Antiques,absent_walkthrough,,,,1,Mhaura,Final Fantasy XI,https://horizonffxi.wiki/Mhaura
Out of One's Shell,absent_walkthrough,,,,1,Port Bastok,Final Fantasy XI,https://horizonffxi.wiki/Port_Bastok
Out of the Depths,absent_walkthrough,,,,3,Metalworks; Oldton Movalpolos; Port Bastok,Chains of Promathia; Final Fantasy XI,https://horizonffxi.wiki/Metalworks; https://horizonffxi.wiki/Port_Bastok; https://horizonffxi.wiki/Oldton_Movalpolos
Over the Hills and Far Away,absent_walkthrough,,,,3,Oldton Movalpolos; Port San d'Oria; Uleguerand Range,Chains of Promathia; Final Fantasy XI,https://horizonffxi.wiki/Port_San_d%27Oria; https://horizonffxi.wiki/Oldton_Movalpolos; https://horizonffxi.wiki/Uleguerand_Range
Overnight Delivery,absent_walkthrough,,,,1,Mhaura,Final Fantasy XI,https://horizonffxi.wiki/Mhaura
Painful Memory,absent_walkthrough,,,,2,Lower Jeuno; Ranguemont Pass,Final Fantasy XI,https://horizonffxi.wiki/Lower_Jeuno; https://horizonffxi.wiki/Ranguemont_Pass
Paintbrush of Souls,absent_walkthrough,,,,1,Temple of Uggalepih,Rise of the Zilart,https://horizonffxi.wiki/Temple_of_Uggalepih
"Paradise, Salvation, and Maps",absent_walkthrough,,,,2,Sacrarium; Tavnazian Safehold,Chains of Promathia,https://horizonffxi.wiki/Tavnazian_Safehold; https://horizonffxi.wiki/Sacrarium
Pashhow Marshlands/Garrison,absent_walkthrough,,,,1,Pashhow Marshlands,Final Fantasy XI,https://horizonffxi.wiki/Pashhow_Marshlands
Past Perfect,absent_walkthrough,,,,2,Konschtat Highlands; Port Bastok,Final Fantasy XI,https://horizonffxi.wiki/Port_Bastok; https://horizonffxi.wiki/Konschtat_Highlands
Past Reflections,absent_walkthrough,,,,1,Port Jeuno,Final Fantasy XI,https://horizonffxi.wiki/Port_Jeuno
Path of the Bard,absent_walkthrough,,,,3,Buburimu Peninsula; Lower Jeuno; Valkurm Dunes,Final Fantasy XI,https://horizonffxi.wiki/Lower_Jeuno; https://horizonffxi.wiki/Buburimu_Peninsula; https://horizonffxi.wiki/Valkurm_Dunes
Path of the Beastmaster,absent_walkthrough,,,,1,Upper Jeuno,Final Fantasy XI,https://horizonffxi.wiki/Upper_Jeuno
Paying Lip Service,absent_walkthrough,,,,3,East Sarutabaruta; West Sarutabaruta; Windurst Woods,Final Fantasy XI,https://horizonffxi.wiki/Windurst_Woods; https://horizonffxi.wiki/East_Sarutabaruta; https://horizonffxi.wiki/West_Sarutabaruta
Peace for the Spirit,absent_walkthrough,,,,3,Chateau d'Oraguille; Fei'Yin; Garlaige Citadel,Final Fantasy XI,https://horizonffxi.wiki/Chateau_d%27Oraguille; https://horizonffxi.wiki/Garlaige_Citadel; https://horizonffxi.wiki/Fei%27Yin
Personal Hygiene,absent_walkthrough,,,,2,Kazham; Korroloka Tunnel,Rise of the Zilart,https://horizonffxi.wiki/Kazham; https://horizonffxi.wiki/Korroloka_Tunnel
Petals for Parelbriaux,absent_walkthrough,,,,2,Lufaise Meadows; Tavnazian Safehold,Chains of Promathia,https://horizonffxi.wiki/Tavnazian_Safehold; https://horizonffxi.wiki/Lufaise_Meadows
Pieuje's Decision,absent_walkthrough,,,,3,Chateau d'Oraguille; Fei'Yin; The Eldieme Necropolis,Final Fantasy XI,https://horizonffxi.wiki/Chateau_d%27Oraguille; https://horizonffxi.wiki/Fei%27Yin; https://horizonffxi.wiki/The_Eldieme_Necropolis
Pirate's Chart Quest,absent_walkthrough,,,,2,Selbina; Valkurm Dunes,Final Fantasy XI,https://horizonffxi.wiki/Selbina; https://horizonffxi.wiki/Valkurm_Dunes
Prelude of Black and White,absent_walkthrough,,,,2,Castle Oztroja; Chateau d'Oraguille,Final Fantasy XI,https://horizonffxi.wiki/Chateau_d%27Oraguille; https://horizonffxi.wiki/Castle_Oztroja
Pretty Little Things,absent_walkthrough,,,,1,Port Jeuno,Final Fantasy XI,https://horizonffxi.wiki/Port_Jeuno
Promotion: Captain,absent_walkthrough,,,,1,Aht Urhgan Whitegate,Treasures of Aht Urhgan,https://horizonffxi.wiki/Aht_Urhgan_Whitegate
Promotion: Chief Sergeant,absent_walkthrough,,,,1,Aht Urhgan Whitegate,Treasures of Aht Urhgan,https://horizonffxi.wiki/Aht_Urhgan_Whitegate
Promotion: Corporal,absent_walkthrough,,,,4,Aht Urhgan Whitegate; Caedarva Mire; Mount Zhayolm; Wajaom Woodlands,Treasures of Aht Urhgan,https://horizonffxi.wiki/Aht_Urhgan_Whitegate; https://horizonffxi.wiki/Caedarva_Mire; https://horizonffxi.wiki/Mount_Zhayolm; https://horizonffxi.wiki/Wajaom_Woodlands
Promotion: First Lieutenant,absent_walkthrough,,,,1,Aht Urhgan Whitegate,Treasures of Aht Urhgan,https://horizonffxi.wiki/Aht_Urhgan_Whitegate
Promotion: Lance Corporal,absent_walkthrough,,,,2,Aht Urhgan Whitegate; Wajaom Woodlands,Treasures of Aht Urhgan,https://horizonffxi.wiki/Aht_Urhgan_Whitegate; https://horizonffxi.wiki/Wajaom_Woodlands
Promotion: Private First Class,absent_walkthrough,,,,1,Aht Urhgan Whitegate,Treasures of Aht Urhgan,https://horizonffxi.wiki/Aht_Urhgan_Whitegate
Promotion: Second Lieutenant,absent_walkthrough,,,,1,Aht Urhgan Whitegate,Treasures of Aht Urhgan,https://horizonffxi.wiki/Aht_Urhgan_Whitegate
Promotion: Sergeant,absent_walkthrough,,,,3,Aht Urhgan Whitegate; Caedarva Mire; Nashmau,Treasures of Aht Urhgan,https://horizonffxi.wiki/Aht_Urhgan_Whitegate; https://horizonffxi.wiki/Nashmau; https://horizonffxi.wiki/Caedarva_Mire
Promotion: Sergeant Major,absent_walkthrough,,,,1,Aht Urhgan Whitegate,Treasures of Aht Urhgan,https://horizonffxi.wiki/Aht_Urhgan_Whitegate
Promotion: Superior Private,absent_walkthrough,,,,4,Aht Urhgan Whitegate; Caedarva Mire; Mount Zhayolm; Wajaom Woodlands,Treasures of Aht Urhgan,https://horizonffxi.wiki/Aht_Urhgan_Whitegate; https://horizonffxi.wiki/Caedarva_Mire; https://horizonffxi.wiki/Mount_Zhayolm; https://horizonffxi.wiki/Wajaom_Woodlands
Puppetmaster Blues,absent_walkthrough,,,,3,Aht Urhgan Whitegate; Mount Zhayolm; Nashmau,Treasures of Aht Urhgan,https://horizonffxi.wiki/Aht_Urhgan_Whitegate; https://horizonffxi.wiki/Nashmau; https://horizonffxi.wiki/Mount_Zhayolm
Rat Race,absent_walkthrough,,,,2,Aht Urhgan Whitegate; Nashmau,Treasures of Aht Urhgan,https://horizonffxi.wiki/Aht_Urhgan_Whitegate; https://horizonffxi.wiki/Nashmau
Recollections,absent_walkthrough,,,,5,Castle Zvahl Baileys; Castle Zvahl Keep; Crawlers' Nest; Heavens Tower; Ru'Lude Gardens,Final Fantasy XI,https://horizonffxi.wiki/Heavens_Tower; https://horizonffxi.wiki/Ru%27Lude_Gardens; https://horizonffxi.wiki/Crawlers%27_Nest; https://horizonffxi.wiki/Castle_Zvahl_Baileys; https://horizonffxi.wiki/Castle_Zvahl_Keep
Recycling Rods,absent_walkthrough,,,,3,Bibiki Bay; Bibiki Bay - Purgonorgo Isle; Mhaura,Chains of Promathia; Final Fantasy XI,https://horizonffxi.wiki/Mhaura; https://horizonffxi.wiki/Bibiki_Bay; https://horizonffxi.wiki/Bibiki_Bay_-_Purgonorgo_Isle
Requiem of Sin,absent_walkthrough,,,,2,Boneyard Gully; Tavnazian Safehold,Chains of Promathia,https://horizonffxi.wiki/Tavnazian_Safehold; https://horizonffxi.wiki/Boneyard_Gully
Return to the Depths,absent_walkthrough,,,,8,Kazham; Lower Jeuno; Metalworks; Mine Shaft #2716; Misareaux Coast; Newton Movalpolos; Oldton Movalpolos; Port Bastok,Chains of Promathia; Final Fantasy XI; Rise of the Zilart,https://horizonffxi.wiki/Metalworks; https://horizonffxi.wiki/Port_Bastok; https://horizonffxi.wiki/Lower_Jeuno; https://horizonffxi.wiki/Kazham; https://horizonffxi.wiki/Mine_Shaft; https://horizonffxi.wiki/Newton_Movalpolos; https://horizonffxi.wiki/Oldton_Movalpolos; https://horizonffxi.wiki/Misareaux_Coast
Riding on the Clouds,summary_or_mention_only,,,limit-break,1,Ru'Lude Gardens,Final Fantasy XI,https://horizonffxi.wiki/Ru%27Lude_Gardens
Rivals,absent_walkthrough,,,,1,Bastok Mines,Final Fantasy XI,https://horizonffxi.wiki/Bastok_Mines
Rock Bottom,absent_walkthrough,,,,1,Mount Zhayolm,Treasures of Aht Urhgan,https://horizonffxi.wiki/Mount_Zhayolm
Rock Racketeer,absent_walkthrough,,,,3,Bastok Markets; Palborough Mines; Windurst Woods,Final Fantasy XI,https://horizonffxi.wiki/Bastok_Markets; https://horizonffxi.wiki/Windurst_Woods; https://horizonffxi.wiki/Palborough_Mines
Rosel the Armorer,absent_walkthrough,,,,1,Southern San d'Oria,Final Fantasy XI,https://horizonffxi.wiki/Southern_San_d%27Oria
Royal Painter Escort,absent_walkthrough,,,,2,Nashmau; The Ashu Talif,Treasures of Aht Urhgan,https://horizonffxi.wiki/Nashmau; https://horizonffxi.wiki/The_Ashu_Talif
Rubbish Day,absent_walkthrough,,,,2,Garlaige Citadel; Lower Jeuno,Final Fantasy XI,https://horizonffxi.wiki/Lower_Jeuno; https://horizonffxi.wiki/Garlaige_Citadel
Rycharde the Chef,absent_walkthrough,,,,1,Mhaura,Final Fantasy XI,https://horizonffxi.wiki/Mhaura
Saga of the Skyserpent,absent_walkthrough,,,,3,Aht Urhgan Whitegate; Al Zahbi; Halvung,Treasures of Aht Urhgan,https://horizonffxi.wiki/Aht_Urhgan_Whitegate; https://horizonffxi.wiki/Al_Zahbi; https://horizonffxi.wiki/Halvung
Sahagin Key Quest,absent_walkthrough,,,,1,Sea Serpent Grotto,Rise of the Zilart,https://horizonffxi.wiki/Sea_Serpent_Grotto
Save My Sister,absent_walkthrough,,,,2,The Eldieme Necropolis; Upper Jeuno,Final Fantasy XI,https://horizonffxi.wiki/Upper_Jeuno; https://horizonffxi.wiki/The_Eldieme_Necropolis
Save My Son,absent_walkthrough,,,,2,Lower Jeuno; Qufim Island,Final Fantasy XI,https://horizonffxi.wiki/Lower_Jeuno; https://horizonffxi.wiki/Qufim_Island
Save the Clock Tower,absent_walkthrough,,,,4,Lower Jeuno; Port Jeuno; Ru'Lude Gardens; Upper Jeuno,Final Fantasy XI,https://horizonffxi.wiki/Port_Jeuno; https://horizonffxi.wiki/Lower_Jeuno; https://horizonffxi.wiki/Upper_Jeuno; https://horizonffxi.wiki/Ru%27Lude_Gardens
Say It with Flowers,absent_walkthrough,,,,1,Tahrongi Canyon,Final Fantasy XI,https://horizonffxi.wiki/Tahrongi_Canyon
Scattered into Shadow,absent_walkthrough,,,,3,Castle Oztroja; Fei'Yin; Upper Jeuno,Final Fantasy XI,https://horizonffxi.wiki/Upper_Jeuno; https://horizonffxi.wiki/Castle_Oztroja; https://horizonffxi.wiki/Fei%27Yin
Scooped!,absent_walkthrough,,,,2,Ship bound for Mhaura; Ship bound for Selbina,Final Fantasy XI,https://horizonffxi.wiki/Ship_bound_for_Mhaura; https://horizonffxi.wiki/Ship_bound_for_Selbina
Scouting the Ashu Talif,absent_walkthrough,,,,2,Nashmau; The Ashu Talif,Treasures of Aht Urhgan,https://horizonffxi.wiki/Nashmau; https://horizonffxi.wiki/The_Ashu_Talif
Searching for the Right Words,absent_walkthrough,,,,2,The Boyahda Tree; Upper Jeuno,Final Fantasy XI; Rise of the Zilart,https://horizonffxi.wiki/Upper_Jeuno; https://horizonffxi.wiki/The_Boyahda_Tree
Secret of the Damp Scroll,absent_walkthrough,,,,3,Horlais Peak; Norg; Sea Serpent Grotto,Final Fantasy XI; Rise of the Zilart,https://horizonffxi.wiki/Norg; https://horizonffxi.wiki/Sea_Serpent_Grotto; https://horizonffxi.wiki/Horlais_Peak
Secrets of Ovens Lost,absent_walkthrough,,,,3,Phomiuna Aqueducts; Sacrarium; Tavnazian Safehold,Chains of Promathia,https://horizonffxi.wiki/Tavnazian_Safehold; https://horizonffxi.wiki/Phomiuna_Aqueducts; https://horizonffxi.wiki/Sacrarium
Shadows of the Departed,absent_walkthrough,,,,2,Promyvion - Holla; Ru'Lude Gardens,Chains of Promathia; Final Fantasy XI,https://horizonffxi.wiki/Ru%27Lude_Gardens; https://horizonffxi.wiki/Promyvion_-_Holla
Shady Business,absent_walkthrough,,,,1,Port Bastok,Final Fantasy XI,https://horizonffxi.wiki/Port_Bastok
Sharpening the Sword,absent_walkthrough,,,,2,Northern San d'Oria; Ordelle's Caves,Final Fantasy XI,https://horizonffxi.wiki/Northern_San_d%27Oria; https://horizonffxi.wiki/Ordelle%27s_Caves
Shattering Stars,summary_or_mention_only,,,limit-break,6,Balga's Dais; Chamber of Oracles; Horlais Peak; Qu'Bia Arena; Ru'Lude Gardens; Waughroon Shrine,Final Fantasy XI; Rise of the Zilart,https://horizonffxi.wiki/Ru%27Lude_Gardens; https://horizonffxi.wiki/Qu%27Bia_Arena; https://horizonffxi.wiki/Waughroon_Shrine; https://horizonffxi.wiki/Chamber_of_Oracles; https://horizonffxi.wiki/Horlais_Peak; https://horizonffxi.wiki/Balga%27s_Dais
"Shoot First, Ask Questions Later",absent_walkthrough,,,,2,Metalworks; The Boyahda Tree,Final Fantasy XI; Rise of the Zilart,https://horizonffxi.wiki/Metalworks; https://horizonffxi.wiki/The_Boyahda_Tree
Signed in Blood,absent_walkthrough,,,,5,Fort Ghelsba; Ordelle's Caves; Selbina; Southern San d'Oria; Yughott Grotto,Final Fantasy XI,https://horizonffxi.wiki/Southern_San_d%27Oria; https://horizonffxi.wiki/Selbina; https://horizonffxi.wiki/Fort_Ghelsba; https://horizonffxi.wiki/Yughott_Grotto; https://horizonffxi.wiki/Ordelle%27s_Caves
Silence of the Rams,absent_walkthrough,,,,3,Konschtat Highlands; La Theine Plateau; Port Bastok,Final Fantasy XI,https://horizonffxi.wiki/Port_Bastok; https://horizonffxi.wiki/Konschtat_Highlands; https://horizonffxi.wiki/La_Theine_Plateau
Sin Hunting,absent_walkthrough,,,,3,Jugner Forest; Ranguemont Pass; Windurst Woods,Final Fantasy XI,https://horizonffxi.wiki/Windurst_Woods; https://horizonffxi.wiki/Ranguemont_Pass; https://horizonffxi.wiki/Jugner_Forest
Sleepless Nights,absent_walkthrough,,,,2,Konschtat Highlands; Southern San d'Oria,Final Fantasy XI,https://horizonffxi.wiki/Southern_San_d%27Oria; https://horizonffxi.wiki/Konschtat_Highlands
Smoke on the Mountain,absent_walkthrough,,,,2,Metalworks; South Gustaberg,Final Fantasy XI,https://horizonffxi.wiki/Metalworks; https://horizonffxi.wiki/South_Gustaberg
Soothing Waters,absent_walkthrough,,,,2,Aht Urhgan Whitegate; Al Zahbi,Treasures of Aht Urhgan,https://horizonffxi.wiki/Aht_Urhgan_Whitegate; https://horizonffxi.wiki/Al_Zahbi
Sorcery of the North,absent_walkthrough,,,,2,Fei'Yin; Northern San d'Oria,Final Fantasy XI,https://horizonffxi.wiki/Northern_San_d%27Oria; https://horizonffxi.wiki/Fei%27Yin
Soul Searching,absent_walkthrough,,,,1,The Sanctuary of Zi'Tah,Rise of the Zilart,https://horizonffxi.wiki/The_Sanctuary_of_Zi%27Tah
Souls in Shadow,absent_walkthrough,,,,2,Bostaunieux Oubliette; Den of Rancor,Final Fantasy XI; Rise of the Zilart,https://horizonffxi.wiki/Den_of_Rancor; https://horizonffxi.wiki/Bostaunieux_Oubliette
Spice Gals,absent_walkthrough,,,,3,Riverne - Site #A01; Riverne - Site #B01; Southern San d'Oria,Chains of Promathia; Final Fantasy XI,https://horizonffxi.wiki/Southern_San_d%27Oria; https://horizonffxi.wiki/Riverne_-_Site_A01; https://horizonffxi.wiki/Riverne_-_Site_B01
Stamp Hunt,absent_walkthrough,,,,4,Bastok Markets; Bastok Mines; Metalworks; Port Bastok,Final Fantasy XI,https://horizonffxi.wiki/Bastok_Markets; https://horizonffxi.wiki/Bastok_Mines; https://horizonffxi.wiki/Metalworks; https://horizonffxi.wiki/Port_Bastok
Stardust,absent_walkthrough,,,,2,Metalworks; Valkurm Dunes,Final Fantasy XI,https://horizonffxi.wiki/Metalworks; https://horizonffxi.wiki/Valkurm_Dunes
Starting a Flame,absent_walkthrough,,,,1,Southern San d'Oria,Final Fantasy XI,https://horizonffxi.wiki/Southern_San_d%27Oria
Stop Your Whining,absent_walkthrough,,,,2,Norg; Yhoator Jungle,Rise of the Zilart,https://horizonffxi.wiki/Norg; https://horizonffxi.wiki/Yhoator_Jungle
Storms of Fate,absent_walkthrough,,,,2,Riverne - Site #B01; Ru'Lude Gardens,Chains of Promathia; Final Fantasy XI,https://horizonffxi.wiki/Ru%27Lude_Gardens; https://horizonffxi.wiki/Riverne_-_Site_B01
Strange Apparatus,absent_walkthrough,,,,8,Crawlers' Nest; Dangruf Wadi; Garlaige Citadel; Gusgen Mines; Maze of Shakhrami; Ordelle's Caves; Outer Horutoto Ruins; The Eldieme Necropolis,Final Fantasy XI,https://horizonffxi.wiki/Garlaige_Citadel; https://horizonffxi.wiki/Crawlers%27_Nest; https://horizonffxi.wiki/Dangruf_Wadi; https://horizonffxi.wiki/Maze_of_Shakhrami; https://horizonffxi.wiki/The_Eldieme_Necropolis; https://horizonffxi.wiki/Outer_Horutoto_Ruins; https://horizonffxi.wiki/Gusgen_Mines; https://horizonffxi.wiki/Ordelle%27s_Caves
Striking a Balance,absent_walkthrough,,,,2,Aht Urhgan Whitegate; Al Zahbi,Treasures of Aht Urhgan,https://horizonffxi.wiki/Aht_Urhgan_Whitegate; https://horizonffxi.wiki/Al_Zahbi
Such Sweet Sorrow,absent_walkthrough,,,,1,Aht Urhgan Whitegate,Treasures of Aht Urhgan,https://horizonffxi.wiki/Aht_Urhgan_Whitegate
Tango with a Tracker,absent_walkthrough,,,,2,Boneyard Gully; Tavnazian Safehold,Chains of Promathia,https://horizonffxi.wiki/Tavnazian_Safehold; https://horizonffxi.wiki/Boneyard_Gully
Targeting the Captain,absent_walkthrough,,,,2,Nashmau; The Ashu Talif,Treasures of Aht Urhgan,https://horizonffxi.wiki/Nashmau; https://horizonffxi.wiki/The_Ashu_Talif
Tea with a Tonberry?,absent_walkthrough,,,,5,Attohwa Chasm; Davoi; Fei'Yin; Phanauet Channel; Southern San d'Oria,Chains of Promathia; Final Fantasy XI,https://horizonffxi.wiki/Southern_San_d%27Oria; https://horizonffxi.wiki/Attohwa_Chasm; https://horizonffxi.wiki/Fei%27Yin; https://horizonffxi.wiki/Davoi; https://horizonffxi.wiki/Phanauet_Channel
Teak Me to the Stars,absent_walkthrough,,,,2,Metalworks; Phanauet Channel,Chains of Promathia; Final Fantasy XI,https://horizonffxi.wiki/Metalworks; https://horizonffxi.wiki/Phanauet_Channel
Teleportation to Tu'Lia Guide,absent_walkthrough,,,,1,Hall of Transference,Chains of Promathia,https://horizonffxi.wiki/Hall_of_Transference
Tenshodo Membership,dedicated_walkthrough,tenshodo-membership,,mission-sandoria-4-1; missions-sandoria; quests,1,Lower Jeuno,Final Fantasy XI,https://horizonffxi.wiki/Lower_Jeuno
Test My Mettle,absent_walkthrough,,,,2,Davoi; Selbina,Final Fantasy XI,https://horizonffxi.wiki/Selbina; https://horizonffxi.wiki/Davoi
The All-New C-2000,absent_walkthrough,,,,1,Windurst Woods,Final Fantasy XI,https://horizonffxi.wiki/Windurst_Woods
The All-New C-3000,absent_walkthrough,,,,1,Windurst Woods,Final Fantasy XI,https://horizonffxi.wiki/Windurst_Woods
The Amazin' Scorpio,absent_walkthrough,,,,2,Maze of Shakhrami; Windurst Woods,Final Fantasy XI,https://horizonffxi.wiki/Windurst_Woods; https://horizonffxi.wiki/Maze_of_Shakhrami
The Antique Collector,absent_walkthrough,,,,2,Port Jeuno; Qufim Island,Final Fantasy XI,https://horizonffxi.wiki/Port_Jeuno; https://horizonffxi.wiki/Qufim_Island
The Art of War,absent_walkthrough,,,,1,Aht Urhgan Whitegate,Treasures of Aht Urhgan,https://horizonffxi.wiki/Aht_Urhgan_Whitegate
The Bare Bones,absent_walkthrough,,,,4,Bastok Markets; Dangruf Wadi; North Gustaberg; South Gustaberg,Final Fantasy XI,https://horizonffxi.wiki/Bastok_Markets; https://horizonffxi.wiki/Dangruf_Wadi; https://horizonffxi.wiki/North_Gustaberg; https://horizonffxi.wiki/South_Gustaberg
The Basics,absent_walkthrough,,,,2,Mhaura; Selbina,Final Fantasy XI,https://horizonffxi.wiki/Selbina; https://horizonffxi.wiki/Mhaura
The Beast Within,absent_walkthrough,,,,1,Aht Urhgan Whitegate,Treasures of Aht Urhgan,https://horizonffxi.wiki/Aht_Urhgan_Whitegate
The Big One (Quest),absent_walkthrough,,,,2,Lufaise Meadows; Tavnazian Safehold,Chains of Promathia,https://horizonffxi.wiki/Tavnazian_Safehold; https://horizonffxi.wiki/Lufaise_Meadows
The Brugaire Consortium,absent_walkthrough,,,,1,Port San d'Oria,Final Fantasy XI,https://horizonffxi.wiki/Port_San_d%27Oria
The Call of the Sea,absent_walkthrough,,,,2,Misareaux Coast; Tavnazian Safehold,Chains of Promathia,https://horizonffxi.wiki/Tavnazian_Safehold; https://horizonffxi.wiki/Misareaux_Coast
The Circle of Time,absent_walkthrough,,,,3,Monastic Cavern; Port Jeuno; Xarcabard,Final Fantasy XI,https://horizonffxi.wiki/Port_Jeuno; https://horizonffxi.wiki/Monastic_Cavern; https://horizonffxi.wiki/Xarcabard
The Clockmaster,absent_walkthrough,,,,1,Upper Jeuno,Final Fantasy XI,https://horizonffxi.wiki/Upper_Jeuno
The Clue,absent_walkthrough,,,,1,Mhaura,Final Fantasy XI,https://horizonffxi.wiki/Mhaura
The Cold Light of Day,absent_walkthrough,,,,2,Bastok Markets; South Gustaberg,Final Fantasy XI,https://horizonffxi.wiki/Bastok_Markets; https://horizonffxi.wiki/South_Gustaberg
The Competition,absent_walkthrough,,,,1,Port San d'Oria,Final Fantasy XI,https://horizonffxi.wiki/Port_San_d%27Oria
The Crimson Trial,absent_walkthrough,,,,2,Davoi; Southern San d'Oria,Final Fantasy XI,https://horizonffxi.wiki/Southern_San_d%27Oria; https://horizonffxi.wiki/Davoi
The Curse Collector,absent_walkthrough,,,,2,Bastok Markets; Beadeaux,Final Fantasy XI,https://horizonffxi.wiki/Bastok_Markets; https://horizonffxi.wiki/Beadeaux
The Darksmith,absent_walkthrough,,,,2,Metalworks; Zeruhn Mines,Final Fantasy XI,https://horizonffxi.wiki/Metalworks; https://horizonffxi.wiki/Zeruhn_Mines
The Die Is Cast,absent_walkthrough,,,,2,Aht Urhgan Whitegate; Nashmau,Treasures of Aht Urhgan,https://horizonffxi.wiki/Aht_Urhgan_Whitegate; https://horizonffxi.wiki/Nashmau
The Dismayed Customer,absent_walkthrough,,,,2,Port San d'Oria; West Ronfaure,Final Fantasy XI,https://horizonffxi.wiki/Port_San_d%27Oria; https://horizonffxi.wiki/West_Ronfaure
The Doorman,dedicated_walkthrough,the-doorman,,equipment-quests; warrior-quests; quests,3,Bastok Mines; Davoi; Metalworks,Final Fantasy XI,https://horizonffxi.wiki/Bastok_Mines; https://horizonffxi.wiki/Metalworks; https://horizonffxi.wiki/Davoi
The Eleventh's Hour,absent_walkthrough,,,,2,Bastok Mines; Palborough Mines,Final Fantasy XI,https://horizonffxi.wiki/Bastok_Mines; https://horizonffxi.wiki/Palborough_Mines
The Elvaan Goldsmith,absent_walkthrough,,,,1,Bastok Markets,Final Fantasy XI,https://horizonffxi.wiki/Bastok_Markets
The Fanged One,absent_walkthrough,,,,2,Sauromugue Champaign; Windurst Woods,Final Fantasy XI,https://horizonffxi.wiki/Windurst_Woods; https://horizonffxi.wiki/Sauromugue_Champaign
The Firebloom Tree,absent_walkthrough,,,,3,Ifrit's Cauldron; Kazham; Yuhtunga Jungle,Rise of the Zilart,https://horizonffxi.wiki/Kazham; https://horizonffxi.wiki/Yuhtunga_Jungle; https://horizonffxi.wiki/Ifrit%27s_Cauldron
The First Meeting,absent_walkthrough,,,,3,Davoi; Fei'Yin; Port Bastok,Final Fantasy XI,https://horizonffxi.wiki/Port_Bastok; https://horizonffxi.wiki/Fei%27Yin; https://horizonffxi.wiki/Davoi
The Flying Machine of Eld,absent_walkthrough,,,,1,Upper Jeuno,Final Fantasy XI,https://horizonffxi.wiki/Upper_Jeuno
The General's Secret,absent_walkthrough,,,,2,Chateau d'Oraguille; Horlais Peak,Final Fantasy XI,https://horizonffxi.wiki/Chateau_d%27Oraguille; https://horizonffxi.wiki/Horlais_Peak
The Gift,absent_walkthrough,,,,1,Selbina,Final Fantasy XI,https://horizonffxi.wiki/Selbina
The Gobbiebag Part I,absent_walkthrough,,,,1,Lower Jeuno,Final Fantasy XI,https://horizonffxi.wiki/Lower_Jeuno
The Gobbiebag Part II,absent_walkthrough,,,,1,Lower Jeuno,Final Fantasy XI,https://horizonffxi.wiki/Lower_Jeuno
The Gobbiebag Part III,absent_walkthrough,,,,1,Lower Jeuno,Final Fantasy XI,https://horizonffxi.wiki/Lower_Jeuno
The Gobbiebag Part IV,absent_walkthrough,,,,1,Lower Jeuno,Final Fantasy XI,https://horizonffxi.wiki/Lower_Jeuno
The Gobbiebag Part V,absent_walkthrough,,,,1,Lower Jeuno,Final Fantasy XI,https://horizonffxi.wiki/Lower_Jeuno
The Gobbiebag Part VI,absent_walkthrough,,,,2,Bibiki Bay; Lower Jeuno,Chains of Promathia; Final Fantasy XI,https://horizonffxi.wiki/Lower_Jeuno; https://horizonffxi.wiki/Bibiki_Bay
The Gobbiebag Part VII,absent_walkthrough,,,,1,Lower Jeuno,Final Fantasy XI,https://horizonffxi.wiki/Lower_Jeuno
The Goblin Tailor,absent_walkthrough,,,,4,Gusgen Mines; Lower Jeuno; Maze of Shakhrami; Ordelle's Caves,Final Fantasy XI,https://horizonffxi.wiki/Lower_Jeuno; https://horizonffxi.wiki/Maze_of_Shakhrami; https://horizonffxi.wiki/Gusgen_Mines; https://horizonffxi.wiki/Ordelle%27s_Caves
The Gustaberg Tour,absent_walkthrough,,,,2,Metalworks; North Gustaberg,Final Fantasy XI,https://horizonffxi.wiki/Metalworks; https://horizonffxi.wiki/North_Gustaberg
The Holy Crest,absent_walkthrough,,,,6,Bostaunieux Oubliette; Chateau d'Oraguille; Ghelsba Outpost; Maze of Shakhrami; Meriphataud Mountains; Port San d'Oria,Final Fantasy XI,https://horizonffxi.wiki/Chateau_d%27Oraguille; https://horizonffxi.wiki/Port_San_d%27Oria; https://horizonffxi.wiki/Meriphataud_Mountains; https://horizonffxi.wiki/Maze_of_Shakhrami; https://horizonffxi.wiki/Bostaunieux_Oubliette; https://horizonffxi.wiki/Ghelsba_Outpost
The Immortal Lu Shang,absent_walkthrough,,,,1,Rabao,Rise of the Zilart,https://horizonffxi.wiki/Rabao
The Kind Cardian,absent_walkthrough,,,,3,Lower Jeuno; Outer Horutoto Ruins; Windurst Woods,Final Fantasy XI,https://horizonffxi.wiki/Windurst_Woods; https://horizonffxi.wiki/Lower_Jeuno; https://horizonffxi.wiki/Outer_Horutoto_Ruins
The Kuftal Tour,absent_walkthrough,,,,2,Kuftal Tunnel; Rabao,Rise of the Zilart,https://horizonffxi.wiki/Rabao; https://horizonffxi.wiki/Kuftal_Tunnel
The Lost Cardian,absent_walkthrough,,,,1,Lower Jeuno,Final Fantasy XI,https://horizonffxi.wiki/Lower_Jeuno
The Medicine Woman,absent_walkthrough,,,,1,Northern San d'Oria,Final Fantasy XI,https://horizonffxi.wiki/Northern_San_d%27Oria
The Merchant's Bidding,absent_walkthrough,,,,1,Southern San d'Oria,Final Fantasy XI,https://horizonffxi.wiki/Southern_San_d%27Oria
The Miraculous Dale,absent_walkthrough,,,,4,Buburimu Peninsula; Davoi; Meriphataud Mountains; Xarcabard,Final Fantasy XI,https://horizonffxi.wiki/Meriphataud_Mountains; https://horizonffxi.wiki/Buburimu_Peninsula; https://horizonffxi.wiki/Davoi; https://horizonffxi.wiki/Xarcabard
The Missing Piece,absent_walkthrough,,,,4,Eastern Altepa Desert; Northern San d'Oria; Quicksand Caves; Rabao,Final Fantasy XI; Rise of the Zilart,https://horizonffxi.wiki/Northern_San_d%27Oria; https://horizonffxi.wiki/Rabao; https://horizonffxi.wiki/Eastern_Altepa_Desert; https://horizonffxi.wiki/Quicksand_Caves
The Moonlit Path,absent_walkthrough,,,,1,Full Moon Fountain,Rise of the Zilart,https://horizonffxi.wiki/Full_Moon_Fountain
The Naming Game,absent_walkthrough,,,,2,Metalworks; Pso'Xja,Chains of Promathia; Final Fantasy XI,https://horizonffxi.wiki/Metalworks; https://horizonffxi.wiki/Pso%27Xja
The Old Lady,absent_walkthrough,,,,2,Buburimu Peninsula; Mhaura,Final Fantasy XI,https://horizonffxi.wiki/Mhaura; https://horizonffxi.wiki/Buburimu_Peninsula
The Old Monument,absent_walkthrough,,,,2,Buburimu Peninsula; Lower Jeuno,Final Fantasy XI,https://horizonffxi.wiki/Lower_Jeuno; https://horizonffxi.wiki/Buburimu_Peninsula
The Opo-opo and I,absent_walkthrough,,,,9,Castle Zvahl Baileys; Fei'Yin; Ifrit's Cauldron; Kazham; Outer Horutoto Ruins; Quicksand Caves; Sea Serpent Grotto; Temple of Uggalepih; The Boyahda Tree,Final Fantasy XI; Rise of the Zilart,https://horizonffxi.wiki/Kazham; https://horizonffxi.wiki/Sea_Serpent_Grotto; https://horizonffxi.wiki/Ifrit%27s_Cauldron; https://horizonffxi.wiki/Temple_of_Uggalepih; https://horizonffxi.wiki/Fei%27Yin; https://horizonffxi.wiki/Quicksand_Caves; https://horizonffxi.wiki/The_Boyahda_Tree; https://horizonffxi.wiki/Outer_Horutoto_Ruins; https://horizonffxi.wiki/Castle_Zvahl_Baileys
The Pickpocket,absent_walkthrough,,,,2,Port San d'Oria; West Ronfaure,Final Fantasy XI,https://horizonffxi.wiki/Port_San_d%27Oria; https://horizonffxi.wiki/West_Ronfaure
The Postman Always K.O.s Twice,absent_walkthrough,,,,3,East Sarutabaruta; Tahrongi Canyon; West Sarutabaruta,Final Fantasy XI,https://horizonffxi.wiki/Tahrongi_Canyon; https://horizonffxi.wiki/East_Sarutabaruta; https://horizonffxi.wiki/West_Sarutabaruta
The Potential Within,absent_walkthrough,,,,2,Kuftal Tunnel; Norg,Rise of the Zilart,https://horizonffxi.wiki/Norg; https://horizonffxi.wiki/Kuftal_Tunnel
The Prankster,absent_walkthrough,,,,1,Aht Urhgan Whitegate,Treasures of Aht Urhgan,https://horizonffxi.wiki/Aht_Urhgan_Whitegate
The Prince and the Hopper,absent_walkthrough,,,,3,Aht Urhgan Whitegate; Mamook; Wajaom Woodlands,Treasures of Aht Urhgan,https://horizonffxi.wiki/Aht_Urhgan_Whitegate; https://horizonffxi.wiki/Mamook; https://horizonffxi.wiki/Wajaom_Woodlands
The Promise,absent_walkthrough,,,,1,Kuftal Tunnel,Rise of the Zilart,https://horizonffxi.wiki/Kuftal_Tunnel
The Puppet Master,absent_walkthrough,,,,2,Cloister of Tremors; Port Bastok,Final Fantasy XI; Rise of the Zilart,https://horizonffxi.wiki/Port_Bastok; https://horizonffxi.wiki/Cloister_of_Tremors
The Quadav's Curse,absent_walkthrough,,,,1,Port Bastok,Final Fantasy XI,https://horizonffxi.wiki/Port_Bastok
The Real Gift,absent_walkthrough,,,,1,Selbina,Final Fantasy XI,https://horizonffxi.wiki/Selbina
The Requiem,absent_walkthrough,,,,2,Lower Jeuno; The Eldieme Necropolis,Final Fantasy XI,https://horizonffxi.wiki/Lower_Jeuno; https://horizonffxi.wiki/The_Eldieme_Necropolis
The Rescue,absent_walkthrough,,,,2,Beadeaux; Selbina,Final Fantasy XI,https://horizonffxi.wiki/Selbina; https://horizonffxi.wiki/Beadeaux
The Return of the Adventurer,absent_walkthrough,,,,1,Bastok Markets,Final Fantasy XI,https://horizonffxi.wiki/Bastok_Markets
The Rider Cometh,absent_walkthrough,,,,3,Arrapago Reef; Caedarva Mire; Nashmau,Treasures of Aht Urhgan,https://horizonffxi.wiki/Nashmau; https://horizonffxi.wiki/Arrapago_Reef; https://horizonffxi.wiki/Caedarva_Mire
The Rivalry,absent_walkthrough,,,,1,Port San d'Oria,Final Fantasy XI,https://horizonffxi.wiki/Port_San_d%27Oria
The Road to Aht Urhgan,absent_walkthrough,,,,1,Lower Jeuno,Final Fantasy XI,https://horizonffxi.wiki/Lower_Jeuno
The Root of the Problem,absent_walkthrough,,,,3,Heavens Tower; Inner Horutoto Ruins; Toraimarai Canal,Final Fantasy XI,https://horizonffxi.wiki/Heavens_Tower; https://horizonffxi.wiki/Inner_Horutoto_Ruins; https://horizonffxi.wiki/Toraimarai_Canal
The Rumor,absent_walkthrough,,,,1,Bostaunieux Oubliette,Final Fantasy XI,https://horizonffxi.wiki/Bostaunieux_Oubliette
The Sacred Katana,absent_walkthrough,,,,2,Norg; The Sanctuary of Zi'Tah,Rise of the Zilart,https://horizonffxi.wiki/Norg; https://horizonffxi.wiki/The_Sanctuary_of_Zi%27Tah
The Sahagin's Stash,absent_walkthrough,,,,2,Norg; Sea Serpent Grotto,Rise of the Zilart,https://horizonffxi.wiki/Norg; https://horizonffxi.wiki/Sea_Serpent_Grotto
The Sand Charm,absent_walkthrough,,,,3,Mhaura; Ship bound for Mhaura; Ship bound for Selbina,Final Fantasy XI,https://horizonffxi.wiki/Mhaura; https://horizonffxi.wiki/Ship_bound_for_Mhaura; https://horizonffxi.wiki/Ship_bound_for_Selbina
The Seamstress,absent_walkthrough,,,,1,Southern San d'Oria,Final Fantasy XI,https://horizonffxi.wiki/Southern_San_d%27Oria
The Search for Goldmane,absent_walkthrough,,,,5,Bibiki Bay; Bibiki Bay - Purgonorgo Isle; Rabao; Riverne - Site #A01; Tavnazian Safehold,Chains of Promathia; Rise of the Zilart,https://horizonffxi.wiki/Tavnazian_Safehold; https://horizonffxi.wiki/Rabao; https://horizonffxi.wiki/Bibiki_Bay; https://horizonffxi.wiki/Bibiki_Bay_-_Purgonorgo_Isle; https://horizonffxi.wiki/Riverne_-_Site_A01
The Setting Sun,absent_walkthrough,,,,2,Batallia Downs; Northern San d'Oria,Final Fantasy XI,https://horizonffxi.wiki/Northern_San_d%27Oria; https://horizonffxi.wiki/Batallia_Downs
The Signpost Marks the Spot,absent_walkthrough,,,,2,Bastok Markets; Konschtat Highlands,Final Fantasy XI,https://horizonffxi.wiki/Bastok_Markets; https://horizonffxi.wiki/Konschtat_Highlands
The Siren's Tear,absent_walkthrough,,,,2,Bastok Mines; North Gustaberg,Final Fantasy XI,https://horizonffxi.wiki/Bastok_Mines; https://horizonffxi.wiki/North_Gustaberg
The Stars of Ifrit,absent_walkthrough,,,,2,Port Bastok; San d'Oria-Jeuno Airship,Final Fantasy XI,https://horizonffxi.wiki/Port_Bastok; https://horizonffxi.wiki/San_d%27Oria-Jeuno_Airship
The Sweetest Things,absent_walkthrough,,,,1,Southern San d'Oria,Final Fantasy XI,https://horizonffxi.wiki/Southern_San_d%27Oria
The Talekeeper's Gift,absent_walkthrough,,,,2,Bastok Mines; Behemoth's Dominion,Final Fantasy XI,https://horizonffxi.wiki/Bastok_Mines; https://horizonffxi.wiki/Behemoth%27s_Dominion
The Talekeeper's Truth,absent_walkthrough,,,,3,Bastok Mines; Castle Oztroja; Palborough Mines,Final Fantasy XI,https://horizonffxi.wiki/Bastok_Mines; https://horizonffxi.wiki/Castle_Oztroja; https://horizonffxi.wiki/Palborough_Mines
The Tenshodo Showdown,absent_walkthrough,,,,2,Beadeaux; Windurst Woods,Final Fantasy XI,https://horizonffxi.wiki/Windurst_Woods; https://horizonffxi.wiki/Beadeaux
The Three Magi,absent_walkthrough,,,,2,Heavens Tower; Xarcabard,Final Fantasy XI,https://horizonffxi.wiki/Heavens_Tower; https://horizonffxi.wiki/Xarcabard
The Trader in the Forest,absent_walkthrough,,,,2,Northern San d'Oria; West Ronfaure,Final Fantasy XI,https://horizonffxi.wiki/Northern_San_d%27Oria; https://horizonffxi.wiki/West_Ronfaure
The Usual,absent_walkthrough,,,,2,Crawlers' Nest; Port Bastok,Final Fantasy XI,https://horizonffxi.wiki/Port_Bastok; https://horizonffxi.wiki/Crawlers%27_Nest
The Vicasque's Sermon,absent_walkthrough,,,,2,East Ronfaure; Northern San d'Oria,Final Fantasy XI,https://horizonffxi.wiki/Northern_San_d%27Oria; https://horizonffxi.wiki/East_Ronfaure
The Walls of Your Mind,absent_walkthrough,,,,2,Bostaunieux Oubliette; Port Bastok,Final Fantasy XI,https://horizonffxi.wiki/Port_Bastok; https://horizonffxi.wiki/Bostaunieux_Oubliette
The Wayward Automaton,absent_walkthrough,,,,3,Aht Urhgan Whitegate; Caedarva Mire; Nashmau,Treasures of Aht Urhgan,https://horizonffxi.wiki/Aht_Urhgan_Whitegate; https://horizonffxi.wiki/Nashmau; https://horizonffxi.wiki/Caedarva_Mire
The Weight of Your Limits,absent_walkthrough,,,,2,Metalworks; The Sanctuary of Zi'Tah,Final Fantasy XI; Rise of the Zilart,https://horizonffxi.wiki/Metalworks; https://horizonffxi.wiki/The_Sanctuary_of_Zi%27Tah
The Wisdom of Elders,absent_walkthrough,,,,1,Port Bastok,Final Fantasy XI,https://horizonffxi.wiki/Port_Bastok
The Wonder Magic Set,absent_walkthrough,,,,2,Lower Jeuno; Port Jeuno,Final Fantasy XI,https://horizonffxi.wiki/Port_Jeuno; https://horizonffxi.wiki/Lower_Jeuno
Thick Shells,absent_walkthrough,,,,1,Port San d'Oria,Final Fantasy XI,https://horizonffxi.wiki/Port_San_d%27Oria
Three Men and a Closet,absent_walkthrough,,,,2,Aht Urhgan Whitegate; Wajaom Woodlands,Treasures of Aht Urhgan,https://horizonffxi.wiki/Aht_Urhgan_Whitegate; https://horizonffxi.wiki/Wajaom_Woodlands
Tiger's Teeth,absent_walkthrough,,,,1,Southern San d'Oria,Final Fantasy XI,https://horizonffxi.wiki/Southern_San_d%27Oria
Till Death Do Us Part,absent_walkthrough,,,,1,Port Bastok,Final Fantasy XI,https://horizonffxi.wiki/Port_Bastok
To Catch a Falling Star,absent_walkthrough,,,,1,West Sarutabaruta,Final Fantasy XI,https://horizonffxi.wiki/West_Sarutabaruta
To Cure a Cough,absent_walkthrough,,,,3,Davoi; East Ronfaure; Southern San d'Oria,Final Fantasy XI,https://horizonffxi.wiki/Southern_San_d%27Oria; https://horizonffxi.wiki/Davoi; https://horizonffxi.wiki/East_Ronfaure
Toraimarai Turmoil,absent_walkthrough,,,,1,Toraimarai Canal,Final Fantasy XI,https://horizonffxi.wiki/Toraimarai_Canal
Totoroon's Treasure Hunt,absent_walkthrough,,,,2,Caedarva Mire; Nashmau,Treasures of Aht Urhgan,https://horizonffxi.wiki/Nashmau; https://horizonffxi.wiki/Caedarva_Mire
Transformations,absent_walkthrough,,,,2,Aht Urhgan Whitegate; Alzadaal Undersea Ruins,Treasures of Aht Urhgan,https://horizonffxi.wiki/Aht_Urhgan_Whitegate; https://horizonffxi.wiki/Alzadaal_Undersea_Ruins
Trial by Earth,absent_walkthrough,,,,2,Cloister of Tremors; Port Bastok,Final Fantasy XI; Rise of the Zilart,https://horizonffxi.wiki/Port_Bastok; https://horizonffxi.wiki/Cloister_of_Tremors
Trial by Fire,absent_walkthrough,,,,2,Cloister of Flames; Kazham,Rise of the Zilart,https://horizonffxi.wiki/Kazham; https://horizonffxi.wiki/Cloister_of_Flames
Trial by Ice,absent_walkthrough,,,,2,Cloister of Frost; Northern San d'Oria,Final Fantasy XI; Rise of the Zilart,https://horizonffxi.wiki/Northern_San_d%27Oria; https://horizonffxi.wiki/Cloister_of_Frost
Trial by Lightning,absent_walkthrough,,,,2,Cloister of Storms; Mhaura,Final Fantasy XI; Rise of the Zilart,https://horizonffxi.wiki/Mhaura; https://horizonffxi.wiki/Cloister_of_Storms
Trial by Water,absent_walkthrough,,,,2,Cloister of Tides; Norg,Rise of the Zilart,https://horizonffxi.wiki/Norg; https://horizonffxi.wiki/Cloister_of_Tides
Trial by Wind,absent_walkthrough,,,,2,Cloister of Gales; Rabao,Rise of the Zilart,https://horizonffxi.wiki/Rabao; https://horizonffxi.wiki/Cloister_of_Gales
Trial Size Trial by Earth,absent_walkthrough,,,,2,Cloister of Tremors; Port Bastok,Final Fantasy XI; Rise of the Zilart,https://horizonffxi.wiki/Port_Bastok; https://horizonffxi.wiki/Cloister_of_Tremors
Trial Size Trial by Fire,absent_walkthrough,,,,2,Cloister of Flames; Kazham,Rise of the Zilart,https://horizonffxi.wiki/Kazham; https://horizonffxi.wiki/Cloister_of_Flames
Trial Size Trial by Ice,absent_walkthrough,,,,2,Cloister of Frost; Northern San d'Oria,Final Fantasy XI; Rise of the Zilart,https://horizonffxi.wiki/Northern_San_d%27Oria; https://horizonffxi.wiki/Cloister_of_Frost
Trial Size Trial by Lightning,absent_walkthrough,,,,2,Cloister of Storms; Mhaura,Final Fantasy XI; Rise of the Zilart,https://horizonffxi.wiki/Mhaura; https://horizonffxi.wiki/Cloister_of_Storms
Trial Size Trial by Water,absent_walkthrough,,,,2,Cloister of Tides; Norg,Rise of the Zilart,https://horizonffxi.wiki/Norg; https://horizonffxi.wiki/Cloister_of_Tides
Trial Size Trial by Wind,absent_walkthrough,,,,2,Cloister of Gales; Rabao,Rise of the Zilart,https://horizonffxi.wiki/Rabao; https://horizonffxi.wiki/Cloister_of_Gales
Trouble at the Sluice,absent_walkthrough,,,,2,Bostaunieux Oubliette; Northern San d'Oria,Final Fantasy XI,https://horizonffxi.wiki/Northern_San_d%27Oria; https://horizonffxi.wiki/Bostaunieux_Oubliette
True Strength,absent_walkthrough,,,,2,Castle Oztroja; Metalworks,Final Fantasy XI,https://horizonffxi.wiki/Metalworks; https://horizonffxi.wiki/Castle_Oztroja
True Will,absent_walkthrough,,,,3,Kuftal Tunnel; Norg; Yhoator Jungle,Rise of the Zilart,https://horizonffxi.wiki/Norg; https://horizonffxi.wiki/Yhoator_Jungle; https://horizonffxi.wiki/Kuftal_Tunnel
Tuning In,absent_walkthrough,,,,3,Lufaise Meadows; Oldton Movalpolos; Phomiuna Aqueducts,Chains of Promathia,https://horizonffxi.wiki/Oldton_Movalpolos; https://horizonffxi.wiki/Lufaise_Meadows; https://horizonffxi.wiki/Phomiuna_Aqueducts
Tuning Out,absent_walkthrough,,,,4,Beaucedine Glacier; Kazham; Norg; Yuhtunga Jungle,Final Fantasy XI; Rise of the Zilart,https://horizonffxi.wiki/Kazham; https://horizonffxi.wiki/Norg; https://horizonffxi.wiki/Yuhtunga_Jungle; https://horizonffxi.wiki/Beaucedine_Glacier
Twinstone Bonding,absent_walkthrough,,,,2,Meriphataud Mountains; Windurst Woods,Final Fantasy XI,https://horizonffxi.wiki/Windurst_Woods; https://horizonffxi.wiki/Meriphataud_Mountains
Two Horn the Savage,absent_walkthrough,,,,2,Aht Urhgan Whitegate; Mamook,Treasures of Aht Urhgan,https://horizonffxi.wiki/Aht_Urhgan_Whitegate; https://horizonffxi.wiki/Mamook
Unbridled Passion,absent_walkthrough,,,,2,Windurst Woods; Xarcabard,Final Fantasy XI,https://horizonffxi.wiki/Windurst_Woods; https://horizonffxi.wiki/Xarcabard
Under Oath,absent_walkthrough,,,,3,Castle Zvahl Baileys; Chateau d'Oraguille; Davoi,Final Fantasy XI,https://horizonffxi.wiki/Chateau_d%27Oraguille; https://horizonffxi.wiki/Davoi; https://horizonffxi.wiki/Castle_Zvahl_Baileys
Under the Sea,absent_walkthrough,,,,1,Selbina,Final Fantasy XI,https://horizonffxi.wiki/Selbina
Undying Flames,absent_walkthrough,,,,1,Northern San d'Oria,Final Fantasy XI,https://horizonffxi.wiki/Northern_San_d%27Oria
Unending Chase,absent_walkthrough,,,,1,Mhaura,Final Fantasy XI,https://horizonffxi.wiki/Mhaura
Unexpected Treasure,absent_walkthrough,,,,1,Northern San d'Oria,Final Fantasy XI,https://horizonffxi.wiki/Northern_San_d%27Oria
Unforgiven,absent_walkthrough,,,,1,Tavnazian Safehold,Chains of Promathia,https://horizonffxi.wiki/Tavnazian_Safehold
Uninvited Guests,absent_walkthrough,,,,2,Monarch Linn; Tavnazian Safehold,Chains of Promathia,https://horizonffxi.wiki/Tavnazian_Safehold; https://horizonffxi.wiki/Monarch_Linn
Unlisted Qualities,absent_walkthrough,,,,2,Lower Jeuno; Port Jeuno,Final Fantasy XI,https://horizonffxi.wiki/Port_Jeuno; https://horizonffxi.wiki/Lower_Jeuno
Unlocking a Myth,absent_walkthrough,,,,1,Lower Jeuno,Final Fantasy XI,https://horizonffxi.wiki/Lower_Jeuno
Unwavering Resolve,absent_walkthrough,,,,3,Arrapago Reef; Caedarva Mire; Nashmau,Treasures of Aht Urhgan,https://horizonffxi.wiki/Nashmau; https://horizonffxi.wiki/Arrapago_Reef; https://horizonffxi.wiki/Caedarva_Mire
Valkurm Dunes/Expeditionary Force,absent_walkthrough,,,,1,Valkurm Dunes,Final Fantasy XI,https://horizonffxi.wiki/Valkurm_Dunes
Valkurm Dunes/Garrison,absent_walkthrough,,,,1,Valkurm Dunes,Final Fantasy XI,https://horizonffxi.wiki/Valkurm_Dunes
Vanishing Act,absent_walkthrough,,,,2,Aht Urhgan Whitegate; Wajaom Woodlands,Treasures of Aht Urhgan,https://horizonffxi.wiki/Aht_Urhgan_Whitegate; https://horizonffxi.wiki/Wajaom_Woodlands
Vengeful Wrath,absent_walkthrough,,,,2,Bastok Mines; Palborough Mines,Final Fantasy XI,https://horizonffxi.wiki/Bastok_Mines; https://horizonffxi.wiki/Palborough_Mines
VW Op. 050: Aht Urhgan Assault,absent_walkthrough,,,,1,Mamook,Treasures of Aht Urhgan,https://horizonffxi.wiki/Mamook
Waking Dreams,absent_walkthrough,,,,1,The Shrouded Maw,Chains of Promathia,https://horizonffxi.wiki/The_Shrouded_Maw
Waking the Beast,absent_walkthrough,,,,8,Cloister of Flames; Cloister of Frost; Cloister of Gales; Cloister of Storms; Cloister of Tides; Cloister of Tremors; Full Moon Fountain; La Theine Plateau,Final Fantasy XI; Rise of the Zilart,https://horizonffxi.wiki/Cloister_of_Flames; https://horizonffxi.wiki/Cloister_of_Tides; https://horizonffxi.wiki/Cloister_of_Frost; https://horizonffxi.wiki/Cloister_of_Tremors; https://horizonffxi.wiki/Cloister_of_Storms; https://horizonffxi.wiki/Full_Moon_Fountain; https://horizonffxi.wiki/Cloister_of_Gales; https://horizonffxi.wiki/La_Theine_Plateau
Waking the Colossus,absent_walkthrough,,,,2,Chateau d'Oraguille; Mount Zhayolm,Final Fantasy XI; Treasures of Aht Urhgan,https://horizonffxi.wiki/Chateau_d%27Oraguille; https://horizonffxi.wiki/Mount_Zhayolm
Wandering Souls,absent_walkthrough,,,,1,Cape Teriggan,Rise of the Zilart,https://horizonffxi.wiki/Cape_Teriggan
Warding Vampires,absent_walkthrough,,,,4,Davoi; Fort Ghelsba; Northern San d'Oria; Yughott Grotto,Final Fantasy XI,https://horizonffxi.wiki/Northern_San_d%27Oria; https://horizonffxi.wiki/Davoi; https://horizonffxi.wiki/Fort_Ghelsba; https://horizonffxi.wiki/Yughott_Grotto
Water Way to Go,absent_walkthrough,,,,1,Giddeus,Final Fantasy XI,https://horizonffxi.wiki/Giddeus
Waters of the Cheval,absent_walkthrough,,,,2,East Ronfaure; Northern San d'Oria,Final Fantasy XI,https://horizonffxi.wiki/Northern_San_d%27Oria; https://horizonffxi.wiki/East_Ronfaure
Way of the Cook,absent_walkthrough,,,,1,Mhaura,Final Fantasy XI,https://horizonffxi.wiki/Mhaura
Welcome to Bastok,absent_walkthrough,,,,1,Port Bastok,Final Fantasy XI,https://horizonffxi.wiki/Port_Bastok
West Ronfaure/Garrison,absent_walkthrough,,,,1,West Ronfaure,Final Fantasy XI,https://horizonffxi.wiki/West_Ronfaure
West Sarutabaruta/Garrison,absent_walkthrough,,,,1,West Sarutabaruta,Final Fantasy XI,https://horizonffxi.wiki/West_Sarutabaruta
What Friends Are For,absent_walkthrough,,,,1,Nashmau,Treasures of Aht Urhgan,https://horizonffxi.wiki/Nashmau
When the Bow Breaks,absent_walkthrough,,,,2,Al Zahbi; Wajaom Woodlands,Treasures of Aht Urhgan,https://horizonffxi.wiki/Al_Zahbi; https://horizonffxi.wiki/Wajaom_Woodlands
Whence Blows the Wind,summary_or_mention_only,,,limit-break,6,Beadeaux; Castle Oztroja; Davoi; Monastic Cavern; Qulun Dome; Ru'Lude Gardens,Final Fantasy XI,https://horizonffxi.wiki/Ru%27Lude_Gardens; https://horizonffxi.wiki/Castle_Oztroja; https://horizonffxi.wiki/Beadeaux; https://horizonffxi.wiki/Qulun_Dome; https://horizonffxi.wiki/Davoi; https://horizonffxi.wiki/Monastic_Cavern
Wild Card (Quest),absent_walkthrough,,,,1,Toraimarai Canal,Final Fantasy XI,https://horizonffxi.wiki/Toraimarai_Canal
Wings of Gold,absent_walkthrough,,,,3,Middle Delkfutt's Tower; Upper Delkfutt's Tower; Upper Jeuno,Final Fantasy XI,https://horizonffxi.wiki/Upper_Jeuno; https://horizonffxi.wiki/Middle_Delkfutt%27s_Tower; https://horizonffxi.wiki/Upper_Delkfutt%27s_Tower
Wish Upon a Star,absent_walkthrough,,,,3,Bastok Markets; Yhoator Jungle; Yuhtunga Jungle,Final Fantasy XI; Rise of the Zilart,https://horizonffxi.wiki/Bastok_Markets; https://horizonffxi.wiki/Yuhtunga_Jungle; https://horizonffxi.wiki/Yhoator_Jungle
Wrath of the Opo-opos,absent_walkthrough,,,,1,Yuhtunga Jungle,Rise of the Zilart,https://horizonffxi.wiki/Yuhtunga_Jungle
X Marks the Spot,absent_walkthrough,,,,4,Lufaise Meadows; Misareaux Coast; Phomiuna Aqueducts; Tavnazian Safehold,Chains of Promathia,https://horizonffxi.wiki/Tavnazian_Safehold; https://horizonffxi.wiki/Lufaise_Meadows; https://horizonffxi.wiki/Misareaux_Coast; https://horizonffxi.wiki/Phomiuna_Aqueducts
Xarcabard/Garrison,absent_walkthrough,,,,1,Xarcabard,Final Fantasy XI,https://horizonffxi.wiki/Xarcabard
Yhoator Jungle/Garrison,absent_walkthrough,,,,1,Yhoator Jungle,Rise of the Zilart,https://horizonffxi.wiki/Yhoator_Jungle
Yomi Okuri,absent_walkthrough,,,,3,Labyrinth of Onzozo; Norg; Valkurm Dunes,Final Fantasy XI; Rise of the Zilart,https://horizonffxi.wiki/Norg; https://horizonffxi.wiki/Labyrinth_of_Onzozo; https://horizonffxi.wiki/Valkurm_Dunes
You Call That a Knife?,absent_walkthrough,,,,3,Kazham; Temple of Uggalepih; Yhoator Jungle,Rise of the Zilart,https://horizonffxi.wiki/Kazham; https://horizonffxi.wiki/Temple_of_Uggalepih; https://horizonffxi.wiki/Yhoator_Jungle
Your Crystal Ball,absent_walkthrough,,,,2,Lower Jeuno; Maze of Shakhrami,Final Fantasy XI,https://horizonffxi.wiki/Lower_Jeuno; https://horizonffxi.wiki/Maze_of_Shakhrami
Yuhtunga Jungle/Expeditionary Force,absent_walkthrough,,,,1,Yuhtunga Jungle,Rise of the Zilart,https://horizonffxi.wiki/Yuhtunga_Jungle
Yuhtunga Jungle/Garrison,absent_walkthrough,,,,1,Yuhtunga Jungle,Rise of the Zilart,https://horizonffxi.wiki/Yuhtunga_Jungle
